St_name,Month,D_01,D_02,D_03,D_04,D_05,D_06,D_07,D_08,D_09,D_10,D_11,D_12,D_13,D_14,D_15,D_16,D_17,D_18,D_19,D_20,D_21,D_22,D_23,D_24,D_25,D_26,D_27,D_28,D_29,D_30,D_31
Dhaka,1,0.2,0.2,0.8,0,0,0.1,0.1,0.1,0.4,0,0.1,0.1,0,0,0.7,0.3,0.1,0,0,0.7,1.2,0,0.4,0,0,0.1,0,0.1,0.3,0.7,1
Mymensingh,1,0,0.1,0.3,0,0,0.1,1.8,0.9,1,0,0,0.3,0,0,0.1,0.5,0.1,0,0,0.2,0.2,0,0,0.2,0,0.3,0,0.9,0.6,0.2,2.4
Tangail,1,0,0.9,0,0,0.1,0,0.3,0.4,0.2,0,0,0,0,0,0.9,0.5,0.1,0,0,0.3,0.6,0,0.7,0,0,0,0,0.7,0.1,0.6,2.4
Faridpur,1,0.1,0.3,0.6,0,0,0,0.1,0.1,0.1,0,0,0.1,0,0,0.5,0.4,0.1,0.1,0,0.6,1,0.1,0.2,0,0,0.4,0.1,0.2,0.5,0.6,1
Madaripur,1,0,0,0.4,0,1,0.7,0.3,0,0.2,0,0,0.1,0,0,0,1.7,0.1,0.3,0,0.2,1.2,0.7,0.1,0,0.7,0,0,0,0.1,0.5,1.3
Chittagong,1,0.4,0.9,0.2,0,0.2,0.3,0,0.1,0,0,0,0,0.5,0,0,0.3,0,1,0.1,0,0.5,0,0.1,0,0,0.3,0,0,0.2,0.2,0.2
Sandwip,1,0,0,0,0,0.1,0.6,0.7,0,0,0,0,0.7,0.1,0,0.9,0.4,0,0.9,0.2,0,3.1,0.2,0.6,0,0,0.1,0,0,0.1,1.2,0.3
Sitakunda,1,0.2,0,0,0,0,0,0,0.3,0,0.2,0,0.2,0,0,0,0.6,0,0.3,0.3,0,0.7,0.9,0.8,0,0,0,0,0,0,0.2,0.9
Rangamati,1,0,0.3,0,0,0,0,0,0.1,0,0,0,0.4,0,0,0,0.9,0.4,0.1,0.3,0,0.4,0.1,0.3,0.1,0,0.1,0,0,1,0.2,0.3
Comilla,1,0.1,0.1,0.3,0,0,0,0.5,0.2,0.2,0,0.2,0.4,0.2,0,0.1,0.7,0,0.3,0,0,1.4,0,0.5,0,0,0,0,0.2,0.9,0,1.1
Chandpur,1,0,0,0.2,0,0.1,0,0.1,0,0.1,0.1,0.1,0.1,0,0,0.2,0.5,0,0.1,0,0.1,1.6,0,1,0,0,0,0,0,0,1.6,0.6
M_Court,1,0,0.3,0.3,2.7,0.5,1.3,0,0,0,0.2,0,0,0,0,0.7,0.4,0,0.3,0,0,0.7,0.4,1,0,0,0,0,0,0.1,2.2,1.1
Feni,1,0.1,0.1,0,0,0,0,0,0,0,0.6,0.1,0.2,0,0,0.3,1,0,0.4,0.1,0,1.5,0,1,0,0,0,0.1,0.1,0.3,0,2.2
Hatiya,1,0.2,0.3,0,0,0,0,0,0,0,0,0,0.1,0,0,0.6,0.6,0,0,0,0,0,0.8,1.2,0,0,0,0,0,0.4,0.9,1.1
Cox's_Bazar,1,0,0.3,0.1,0,0,0,1,0.1,0,0,0,0,1.2,0,0.1,0.2,0.1,0.5,0,0,0.1,0,0,0,0,0,0,0.1,0,0.3,0.1
Kutubdia,1,0,0.5,1.3,0,0,0,0,0.2,0,0,0,0,2.7,0,0,0.5,0,0.8,0,0,0,0,0.5,0,0,0,0,0,0,0,0
Teknaf,1,0,0.3,0,0,0,0,0.6,0,0,0,0,0,0,0,0,0,0.3,0.1,0,0,0,0,0,0,0,0,0,0,0.1,0.4,0
Sylhet,1,0,0.2,0.4,0,0.2,0,0.6,0.5,0.9,0,0,0.1,0,0,0.3,1.6,0.4,0,0,0.1,0.2,0.1,1,0,0,0.2,0.4,0.5,0.3,0.2,1.4
Srimangal,1,0,0,0.6,0,0,0,0,0.3,0.1,0,0,0.1,0.1,0,0,0.3,0,0,0,0,1.2,0,0.5,0,0,0.1,0,0.3,0.3,0.3,0.7
Rajshahi,1,0.8,0.4,0.1,0,0,0.1,0.1,0.1,0.4,0,1.1,0.4,0,0,0.6,0.8,0,0,0.3,0.3,0.2,0.5,0,1.1,0,0.7,0.1,0.6,1.2,0.6,0.8
Ishurdi,1,0.1,0.4,0,0,0,0.2,0.7,0,0.2,0,0.2,0.7,0,0.3,0.4,0.3,0.1,0,0.2,0.2,0.2,0.2,0,0.3,0,0,0,0.3,1.1,0.5,1.5
Bogra,1,0.2,0.3,0,0,0,0.3,2.1,0.8,0.9,0,0,0.1,0,0,0.4,0.5,0,0,0.2,0.4,0.2,0.1,0.6,0.3,0.1,0.2,0,0.4,0.2,0.2,0.3
Rangpur,1,1,0.6,0,0,0,0.1,1.2,1.3,0.1,0,0.3,0.2,0,0.2,1,0.5,0,0,0,0.4,0.4,0.3,0,0.2,0.1,0.1,0,0.4,0,0.1,0.9
Dinajpur,1,0.6,0.7,0,0,0,0,1.8,2,0,0,0.2,0.1,0,0,2,1.9,0,0,0,0.9,0.1,0,0,0.7,0.3,0,0,0.5,0.1,0.2,0.2
Sayedpur,1,0.3,0.8,0,0.1,0,0,2,1.6,0,0,0,1.3,0,0,1.6,1.6,0.2,0,0,1.4,0.5,0.4,0,0,0,0,0.1,0.2,0,0.2,0.4
Khulna,1,0.2,0.2,0.2,0,0.4,0.1,0.4,0.1,0.4,0,0.1,2.7,0,0,0.3,0.6,0.1,0.7,0.5,0.1,1.2,0.6,1,0,0,0,0,0,0.1,1.9,1.6
Mongla,1,0.1,1.3,1.5,0,0,0,0,0,0.2,0,0.2,1.1,0,0,0,0.4,0.1,1.3,0.2,0.2,2.9,0.8,1.2,0,0,0.1,0,0,0,0,5.3
Satkhira,1,0.2,1.4,0.1,0,0.6,0.3,0.4,0.3,0.2,0,0.3,0.7,0,0,0.5,0.6,0.1,0.4,0.4,0.7,1.3,0.9,1.4,0.1,0,0,0,0,1.7,0.4,0.9
Jessore,1,0.2,0.9,0,0,0,0.1,0.2,0,0.5,0,0.1,0.2,0,0,1.5,1.6,0.8,0.1,0,0.6,1.4,0.8,1,0.1,0,0.5,0.1,0,1.6,0.8,1.6
Chuadanga,1,0.1,0.7,0.1,0,0,0,0,0.8,0.3,0,0,0.9,0,0,0.7,1.2,0.2,0.1,0,3.5,0.5,0.2,0,0,0,0.1,0.1,0.6,0,3.8,1.3
Barisal,1,0.1,2.4,0.1,0,0.2,0.6,0.1,0,0,0.2,0.1,0,0,0,0.2,0.5,0.1,1,0.3,0,0.4,0.2,0.5,0,0,0.1,0,0.1,0,0.2,1.7
Patuakhali,1,0.1,0.1,0,0,0.2,1,0.2,0,0.7,0.4,0,1.1,0,0,0.1,0.2,0,0.6,0,0,0.8,0.1,0.9,0,0,0,0,0,0,1.6,0.7
Khepupara,1,0.1,0.6,0,0,1,0.1,0.1,0,0,0,0,0.3,0,0,0,0.7,0,0.5,0,0,1,0.1,0.4,0,0,0,0,0,0,1,0
Bhola,1,0.1,0.1,0.5,0,0.4,0.6,0.8,0,0,0.2,0,0,0,0,0.3,2.4,0.1,1.2,0.4,0,0.7,0,1.5,0,0,0,0,0,0,0.1,1
Dhaka,2,0.9,0.4,0.4,1,1.5,0.2,0.9,0.5,0.5,0.3,0.4,0.2,0,1.5,0.1,0.4,0.8,2.6,1,0.1,1,1.1,2.6,2.3,2.2,1,0.1,1.1,3.8,,
Mymensingh,2,0.4,0.2,0.1,0.8,1.6,0.6,0.1,0,0.2,0.7,0,0,0,0.3,0.7,1.1,0.1,0.4,1.1,0.1,2.2,2.2,1.3,3.3,0.6,0.2,0.3,0.4,1.5,,
Tangail,2,1.1,0.6,0.4,1.4,1.1,1.6,1.4,0.6,0.2,0.1,0,0,0,0.8,0.4,0.1,0,2.7,4.2,0.9,4.6,1.7,5.9,0.2,0.6,0.9,0.1,0.9,0.8,,
Faridpur,2,0.9,0.8,1.9,3.7,2,0.3,1.6,0.5,0.2,0.8,0.2,0.8,0.1,0.6,0,0.3,2.6,1.2,1.8,0.1,0.5,0.6,1.4,0.9,2.1,0.8,0,0.6,0.4,,
Madaripur,2,0.2,1,0.4,1.5,1.8,0,1.2,0.5,0.1,0.3,0.1,0,0.1,2.3,0,1.2,1.2,2,1.4,0.4,1.3,0.6,3,2.5,1.2,2.4,0,0.9,6.5,,
Chittagong,2,1,0.2,1.2,0.3,0.1,0.2,0.3,0,0.2,0.1,0.3,0,0,0.2,0.2,0,2.4,1.5,2.8,3.1,2.2,1.4,1.7,1.7,1,0.7,0.5,0.5,0.6,,
Sandwip,2,0.5,1.1,0.2,0.2,0.8,0.2,0.8,0,0,0,0,0,0,0.8,0.3,0.4,1.1,2.4,2.2,3.8,1.2,2.3,0.7,2.8,1,0.1,0.2,3.1,0.6,,
Sitakunda,2,0.1,0.9,1.4,0.2,0.2,0.1,0.3,0,0.2,0.1,0,0,0,0.4,0,0,2.4,2.3,3.9,2.4,1,0.1,0.3,0.3,0.5,1.6,0.2,0.6,0.2,,
Rangamati,2,0.5,0.6,0.4,1.3,0.4,0,0.3,0.1,0.4,0,0,0,0,0.5,0,0.1,1,2.6,6.7,0.6,2.1,0.3,0.4,2,0.9,1.7,0.1,0.6,0.5,,
Comilla,2,0,1.4,1.8,0.9,1.3,0.1,0.7,0.2,0.3,0,0.3,0.3,0,1.6,1.2,0.5,1.2,1.7,2.5,0,1,0.7,1.2,2,0.8,2.3,0,1,3.6,,
Chandpur,2,0.5,1.2,0.2,0.5,0.5,0.1,2,0.6,0,0,0,1,0.1,1.3,0,0.3,0.5,2.5,3.6,0.1,0.4,0.2,1.4,0.2,1.4,1.8,0,0.5,0.2,,
M_Court,2,0.2,2.1,1.7,2.1,2.3,0,0.5,0.3,0.3,0,0,0,1,0.7,0,0.5,2.4,1.3,2.7,0.6,3.3,0.8,1.4,0,1.3,0.7,0.1,0.8,2.7,,
Feni,2,0.3,1.4,2.4,2.1,1.6,0.5,0.7,0,0,0.1,1.1,0,0.3,1,0.7,0.2,1.4,2.1,5.5,0,3,0,2.1,3.4,0.6,0.7,0,0.4,3.6,,
Hatiya,2,0.6,0.6,0.3,0.1,1.3,0.4,1.1,0,0.1,0,0.1,0,0,0.9,0.1,0.1,0.2,2,0,3,1.3,1.9,1.4,1.8,1.3,0,0,0,3.5,,
Cox's_Bazar,2,0.4,0,1.9,0.3,0,0.2,0.3,0.3,0.2,0,0,0,0,0.6,0.1,0,0,0.3,0.6,3.1,0.6,2.7,2.1,0.4,1.1,1.5,0.2,0,0,,
Kutubdia,2,0,0.2,1.6,0.3,0.1,0.3,0.3,0.2,0.2,0,0,0,0,0.1,2.4,0,0.8,3.2,0.7,7.4,0.7,0.9,0.5,0.7,0.2,0.5,2.9,0.1,0,,
Teknaf,2,1.8,0.7,1,0.2,0,0.1,0.1,0,1.7,0.1,0,0,0,0.3,0.5,0,0.1,0,0.1,1.3,2,0.8,3.5,0.2,0.6,1,0.3,0,0,,
Sylhet,2,1.2,1.1,0.4,1.2,2.2,0.3,0.2,0.2,0.4,0.8,0.6,0.1,0.6,0.9,1,1.2,4.1,1,1.9,0.2,3.7,0.9,1.3,0.2,2.2,1.4,0.2,1,5.6,,
Srimangal,2,1,1.3,0.8,1.3,2,1.8,0.3,0,0.2,0,0.2,0,1.2,1.4,0.3,1.4,0.5,2.6,1.3,0.1,2.3,2,2.1,1.9,0.5,0.9,2.8,0.4,0.7,,
Rajshahi,2,0.6,0.3,0.3,0.6,1.3,0.1,2.9,0.2,0.5,0.6,0.1,0.1,0,0.8,0.5,0.5,0,0.6,0.3,0,0.5,0.9,1.4,0.4,0.7,1.3,1,0.9,0.1,,
Ishurdi,2,1.5,0.5,0.3,0.3,1.8,0.5,1.5,0.4,0.7,0.6,0.1,0.2,0,0.9,0.2,0.2,0.1,2,0.3,0,1.1,1.1,1,0.4,1.8,1.4,2.2,0.7,0,,
Bogra,2,1.1,0.1,0.6,0.3,1,0.6,0.4,0,0.3,0.5,0.1,0,0.2,0.4,0.3,0.3,0,1.1,0.4,0.5,0.7,1,0.7,0,1.1,0.4,2.4,0.1,0.6,,
Rangpur,2,0.4,0.5,0,1.1,0.3,0.3,0.3,0,0.5,0.4,0,0,1,0.4,1.5,0.5,0,0.5,0.3,0,1.2,0.1,0.4,0.6,0.4,0.4,0.4,0.1,0.1,,
Dinajpur,2,0.5,0.6,0,1.6,0,0.1,0,0,2.4,0.6,0.2,0,0.1,0.3,0.5,0.1,0,0.4,0,0.1,0.2,0,0,0.5,0.9,0.6,0.6,0,0,,
Sayedpur,2,0.2,2,0.3,0,0,0,0,0,1.2,0,0.1,0,0,0.1,0.8,0,0,0,0,0,0,0.1,0,0,1.3,0.5,0.1,0,0,,
Khulna,2,1,0.9,1.2,3.1,1.5,0.1,2.6,0.4,0.1,0.5,0,0.2,0,0.8,0.5,2.7,1.5,4,0.9,1.7,1.9,1.4,3.4,0.7,1.6,1.4,2,0.9,7.6,,
Mongla,2,7.1,2,2.4,3.8,0,0,2,0,0.2,0.1,0,0,0,0,0,0,0.1,5.5,1.4,1.4,0.8,0.5,2.1,1.4,0.5,2.5,2.1,0,0,,
Satkhira,2,1.1,1.1,1.7,4.7,1.1,0,1.1,0.3,0.1,0.6,0.4,0.6,0.5,0.5,1.5,0.6,3.8,3.5,1,0.8,2.6,1.9,2.3,2.5,1.3,0.6,0.6,0.5,3.1,,
Jessore,2,2.4,0.8,1,2.4,0.5,0.1,1,0.5,0.3,1.2,0,0.1,0.2,0.8,0.1,0.7,0.9,1.8,0.9,0.6,3.1,0.8,2.2,0.8,1.4,0.4,0.1,0.9,0.3,,
Chuadanga,2,1.3,1.8,1.3,1.5,2.6,0.2,1.9,0,0.1,0,0,0.8,0,0,0,0,0.4,2.8,3.3,0.3,1,0.2,2.4,0.1,1.3,2.5,0,1.1,0,,
Barisal,2,0.6,1.3,1.4,1.7,0.9,0.1,0.7,0.5,0.1,0.3,0.9,0.1,1.2,0.7,0.1,0.7,2.1,2.2,1.2,0.9,1.1,0.7,1.9,1.1,1.3,0.7,0.4,0.4,1.9,,
Patuakhali,2,0.9,0.9,0.6,0.4,0.6,0.6,1.3,0.2,0.1,0.4,0,0,0.4,0.4,1.2,0,0.3,3.4,2.8,2,1.3,0.9,2,1,0.9,0.5,1.3,0.5,0,,
Khepupara,2,2,0.9,1,0.2,0,0.2,0.7,0,0,0.5,0,0,0.1,0,0.9,0.1,1.2,1,1.9,1,2.1,1,4.4,3,0.8,0.9,0.9,0,0.1,,
Bhola,2,0.2,1.6,0.6,2,1.3,0.1,1,0.3,0,0.6,0.1,0.1,0.1,1.1,0.6,3.3,3.1,3.4,1.8,1.1,1.4,0.6,1.6,2.3,0.8,2.1,0.4,1,0.1,,
Dhaka,3,1.7,0.2,0.4,0.6,0.2,1.6,2.5,0.2,0.1,0.3,1.1,3.1,4.4,0.7,0.5,1.1,0.8,4,0.4,2.8,2.6,2,5,6.1,2.8,3.6,2.4,3.8,4,2,4.8
Mymensingh,3,1.2,0.4,0,0.1,0.3,0.8,0.4,0.9,0.1,0.1,1.9,1.9,1.4,1.9,0.4,0,0.3,0.5,1.1,1,0.9,0.5,1.4,3.1,1.4,4.6,1.1,0.1,1.9,4.3,1.4
Tangail,3,0.2,0,0,0.9,0.1,0,1.1,0,0,0.4,0.1,3.1,1.9,1.1,0,0,0,0.4,0.4,0,0,1.1,2.4,1.9,1.4,4.6,2.1,4.4,3.8,1,0.6
Faridpur,3,1.3,0.5,0.1,0.4,0.1,1,2.5,2.3,0.1,0,1.1,2.7,0.7,0.6,2,0.2,0.3,2,0.7,1.5,0.2,0.9,4.9,5,6.6,1,2.5,1.4,2.2,2.4,3.6
Madaripur,3,2.6,0.7,0.3,2.2,1.8,1.2,1.2,0.3,0.2,0,1.5,2.6,1.6,1.1,0.9,0.3,0,0,0,2.3,1.1,2.3,5.1,7.7,5.3,1.4,3,1.3,6.1,3.3,3.4
Chittagong,3,0.4,0.2,0.6,0,0.6,1.3,2.3,0.4,0,0.3,0.6,1,1.1,0.1,0.1,1.6,0.7,1.1,0.8,1.1,2,3.6,3.7,5.6,4.8,3.2,8.5,0.9,0.6,4.6,2.6
Sandwip,3,2.3,0.5,0.7,1.4,0.3,1,0.2,1.6,0.9,0,0.8,0.4,0.7,1.8,0.1,0,1.4,0,0.2,0.3,3,4.9,5.1,11.1,4.4,4.6,6,0.6,2.1,4.9,1.2
Sitakunda,3,2.3,1.2,1.8,0.5,0,0.2,0,0.3,0,0,0.9,0.9,0.8,1.2,3.9,0.2,0.6,0,0.7,3,4.3,6.2,4.3,10.7,5.7,11.9,5.9,4.4,0.8,9.7,9.5
Rangamati,3,1.2,0.8,0.8,3,0.2,0.6,0.4,0.4,0,0.4,0.3,0.8,0.6,3.8,0.5,1.4,1.3,0.3,2.4,2.3,4.1,5.5,4.3,4.2,2.1,10,1.7,1.9,1.9,1.8,2.9
Comilla,3,2.5,0.1,1,0.1,0.1,0.3,1,0.4,0,0.7,0.2,2.2,2.9,2.7,0.1,2.3,0.7,1.7,0.1,1.3,1.3,2.6,3.3,6.6,5.9,1.7,3.9,2,2.1,10.7,5.6
Chandpur,3,1.1,0.3,0.2,0,0.1,1,1.4,1.1,0,0,0.6,1.8,2.1,1.5,0.1,1.6,0,1.7,1.1,3.4,0.6,2.6,6.5,11,8.3,4.9,2.1,0.8,5.7,8.8,4.1
M_Court,3,5.9,1.9,0,1.1,1.1,1,1.9,0,0,0.2,2.4,0.9,0.6,0.8,0.5,1.2,0.9,0,0,2.9,2.9,5,4.4,12.6,1.5,5.1,1.8,1.8,5.9,9.9,7
Feni,3,1.9,2.9,1.2,0.5,0,0.6,0.4,0.3,0.7,0,2.5,3.1,3,2.9,0.7,0.3,0.4,0,1.6,3,1.7,4.1,4.3,12.6,4,8.7,1.3,1.8,2.3,4.8,5.4
Hatiya,3,3.3,1.2,1.9,5.1,1.6,0.8,0.2,0.6,0.1,0,0.2,0.5,0.7,1.5,0,2.5,0,0,0.3,3.7,2,3.4,2.4,8.9,7,5.8,1.8,0,1.5,4.2,1.8
Cox's_Bazar,3,0.1,1.9,0.9,2.7,0,0,1.6,0.3,3.1,0,0.3,0.3,0,0.1,0,0.2,0,0,1,0.6,0.6,1.4,1.5,2.4,1.1,1.2,6.1,1.3,0.6,4.3,1
Kutubdia,3,0,7.4,1.1,0.2,0,0,0,0,2.3,0,0.4,0,0.4,1.4,0,0,0.1,0,0,2.7,0.6,4.4,2,1.9,1.9,3.5,10.6,1.2,1.1,6.5,1.8
Teknaf,3,0,0,0,0.2,0,0,0.4,0,0,0,0,0,0,0,0,0,0,0.6,0,1.1,1,1.3,2,1.7,0.8,0.2,3.3,2,0.3,0.4,0
Sylhet,3,1.3,3.2,1.2,0.6,3.6,3.3,1.2,3.8,2.6,1.3,3.6,5.4,4.5,3.2,3.2,6,4,7.1,5.7,8.6,6.6,10.9,4.6,3,6.2,8.8,7.7,4.8,6.9,8.2,14.4
Srimangal,3,4.1,0.4,1.6,0.6,0.4,1.6,1.6,1.4,0.7,0,1.4,3.6,3.8,2.9,4.5,0.6,0.5,3.2,4.4,2.9,3.5,2.8,4.6,3.6,3.2,6.3,3.2,1.7,7,3.6,4.7
Rajshahi,3,0.8,0.9,0,0.2,1.1,0.5,0.3,0.7,0.9,0,0.7,0.4,0.2,0.1,0.1,0,1.2,0.8,0.9,0,0,0.8,0.3,1.4,1.2,2.6,0.4,0,3.4,2.3,2.6
Ishurdi,3,0.9,0.7,0.1,0,0.5,1.1,1.1,0,0.7,0.1,0.9,2.7,0.5,0.4,0,0.2,0,1.3,0.4,0.6,1,1.4,2.4,2.6,1.9,3,1,0.6,1.1,2.2,1.4
Bogra,3,0.2,0.1,0.6,0,0.5,0.8,1,1.5,0.2,0.3,1,0.7,1.1,1.5,0.4,0,0.2,0.1,0.4,0.1,0,0.2,0.6,1.6,0.7,1.6,0.5,0.1,0.8,2.2,1.1
Rangpur,3,0.7,0.1,0,0,0.4,0.2,0.4,0.1,1.2,1,0.2,0.6,0.1,1.4,0,0,0,0.1,2,1,0,0,0.4,2.9,0.9,2.3,0.9,1.8,0.6,1.4,3.9
Dinajpur,3,0.6,0,0,0,0,0.8,0,0,0.3,1,0.1,1.5,0,1,0.2,0,0,0,0.1,0.7,0,0.1,0,1,0.6,1.2,0.3,0,1.4,0.1,0.1
Sayedpur,3,1.5,0.1,0.2,0,0,0.1,0.3,0,0,0,0,0,0,0,0,0,0,0,0,0.7,0,0,0.2,1.3,1.2,3.7,0.2,0.2,13.2,0.1,0
Khulna,3,3.3,0.4,0.6,0.7,0.6,1.1,0.7,0.5,0.2,0,0.5,1.2,2,1.9,0.2,0,0,0.2,0,1.2,0,2.5,6.1,9.4,4.6,5.2,2.6,1.1,1,3.7,0.7
Mongla,3,0,0,0,0,0,0,1,1.5,0,0,0.5,0.3,1.8,0,0,0,0,0,0,0.5,0.1,10.6,12,8.1,3.8,4.4,1.1,0,1.7,7.5,3.2
Satkhira,3,3.7,0.3,0.4,0,0.1,0.8,0.6,0.7,0,0.1,0.6,0.9,4,0.3,0.1,0,0.1,0.6,0,0.3,0.2,2.3,1.2,7.1,3,2.4,1.7,0.3,1.6,3.8,0.4
Jessore,3,0.9,0.3,1.8,1.4,0.1,1.3,2,0.4,0.7,0.3,1.1,0.8,3.5,1.3,0,0,0.1,0.3,0.1,3.2,0,0.9,3.3,5.2,4.6,3.7,2.2,0.1,0.8,2.1,2.1
Chuadanga,3,0,0,0,0,0.1,0,0.4,0.2,0,0,0,1.6,1.4,1.8,0,0,0,0,0,0,0,1.8,0.4,4.4,1,1.8,0.7,0,1.7,2.9,0
Barisal,3,3.2,0.7,0.4,0,0.1,0.8,2.6,0.9,0,0.1,0.9,1.9,1.3,1.3,0.1,0,0,0,0,1.2,1.6,2.6,2.7,11.2,4.4,3.1,1.2,1.3,3.9,6.3,3.5
Patuakhali,3,2.6,1.4,0.6,0,0.2,0.3,0.1,0.5,0,0,0.4,0.3,2.2,0,0,0,0,0,0,1,0.8,4.4,3.3,4.5,4.6,0.1,4.5,0.1,3.2,5.1,1.1
Khepupara,3,1.7,0.8,0.9,0.1,0,0.9,2.5,0.6,0,0.1,5.9,0.2,2,0.3,0.1,0.5,0,0,0.2,0.1,1.2,5.7,7,4,4,1.1,3.4,1.2,3,1.9,1.3
Bhola,3,4.4,0.6,0.1,1.3,0.2,3.4,0.9,0.4,0.1,0,0.7,0.6,1.6,2.6,0.3,0,0,0,0,1.6,1.2,2.1,4.2,10.1,5.1,5.6,4.1,0.3,1.9,5,5
Dhaka,4,2.5,1.5,2,2.2,4.8,1.3,3.1,5.1,3.2,3.7,4.9,5.1,5.6,6.1,8.6,5.1,5.1,8.9,5,10.1,5.3,4.7,6,5.3,10.7,5.8,6.7,6.5,3.4,8.1,
Mymensingh,4,2.6,0.4,3,2.1,3.2,1.1,4,4.2,0.6,7,6.3,3.4,3.3,3,4.4,1.1,3.2,6.1,9.1,6.7,5.3,4.6,5.4,5.8,5.9,3,8,6.3,4.5,4.9,
Tangail,4,5.1,3.6,0,2.7,0.1,4.1,1.6,0.8,1.6,8.4,7.4,0.5,0.6,0.3,5.9,0.7,2.2,3,6.5,7,3.2,5.1,12.1,5.9,8.1,14.1,10.7,10.1,2.9,16.6,
Faridpur,4,1.2,2.9,2.4,0.2,4,0.7,2,3.2,3.8,2.7,1.2,3.8,8.6,2.9,5.7,1.3,6,3.4,5.4,5.9,6.6,4.9,6.8,4.2,9,4,11.3,11,10,7.2,
Madaripur,4,4.2,6.9,2.1,0.9,3.3,2.8,3.8,4.7,2,5.1,1.6,4.6,3.8,4,4.4,1.4,4.3,3.4,4.4,4.5,10.7,7.7,8.7,10.3,11.4,5,8,7.4,9,3.9,
Chittagong,4,10.5,4.6,4.1,2.5,0.1,0.7,3.9,5,3.3,3.1,4.2,5.4,3.9,5.8,5,4.1,4.3,3.8,5.3,2,7.2,4.2,5.7,7.7,8.9,4.8,3.2,7.5,5.3,11.2,
Sandwip,4,7.1,5.3,0.9,2.4,0.3,0.9,3.9,5.9,4.3,2.4,4.1,7.4,8.6,11.8,6.9,6.4,1.8,4.6,5.6,3.6,6,5.1,5.3,13.1,8.9,5.1,6.7,10.6,6.8,4.1,
Sitakunda,4,5.8,3.4,1.7,0.3,0.6,0.2,5.3,27.5,4.7,2.7,2.9,6.4,4.6,8,5.2,2.4,1.7,6.9,6.8,3.4,9.4,9,7.8,13,5.2,6.5,4.7,7.1,13.6,7.8,
Rangamati,4,4.6,4.7,2.3,3.8,0.3,1.2,3.1,1.6,10.5,6,6.8,10.2,5.3,4.2,4.3,3.8,2.6,4.6,5.2,4.6,4.2,6.6,7.6,7.2,4.3,2,3.1,6.2,8.6,8.2,
Comilla,4,5.2,5.3,8.2,3.1,1.3,2.3,3.6,3.2,2.3,4.5,2.5,5.3,6.2,3.6,6.6,5.4,4,3.9,4.1,4.1,5.4,3.8,9.6,7.9,7.6,6.4,5,9.6,6.4,7.6,
Chandpur,4,3.8,2.2,1.4,0.5,0.5,3,2.4,5.8,4,4.8,1.6,3.6,7.4,2.3,12.7,2,6.8,8,5.8,5.2,5.8,5,5.8,8.9,8.2,6.3,16.2,3.8,11.2,7,
M_Court,4,4,2.2,1.9,1.8,0.3,2.6,1.3,3.2,3.5,2.2,7.1,2.2,2.5,2.5,6.4,3.1,7.6,4.7,3.5,8.2,5.8,6.9,5.8,10.9,7.1,5.9,4.5,4.8,9.7,3.3,
Feni,4,2.7,3.3,6.3,3.4,0.3,0.5,3.1,4.6,5.3,5.9,7.7,6.1,3,7.5,8.2,7.4,7,6.5,4.1,7.6,12.3,9.7,6.5,10.3,9.6,5.9,9.5,6.2,10,12.4,
Hatiya,4,2.5,2.5,1.8,1.4,0,2.2,2.5,8,13.8,1.5,1.8,6.5,2.4,6,6.4,2.6,3,1.8,0.8,2.9,4.1,1.7,1.9,12.2,10.7,7.2,4.4,4.4,15.7,7.7,
Cox's_Bazar,4,4.8,9,2.8,1.6,3.6,0.8,3,4.3,2.7,1.7,2.6,3.9,2.1,3.2,8,5.3,2.5,9.2,3.3,1.4,6.3,1.6,3.1,6.6,3.7,1.2,3.5,2.1,6.9,11,
Kutubdia,4,6.3,1.9,3.6,0.2,1.8,0.2,4.2,0.5,0.2,0.9,0.8,0.9,2.3,0.1,3,4.8,0.9,2.2,3.4,0.5,8.2,1.7,4.4,5.6,4.2,2.2,5.9,2.2,7.3,5.3,
Teknaf,4,0.9,4.8,1.7,0.3,0.6,0.6,1,5.8,1.8,2.4,0.8,3.1,1,4.2,2.7,3.5,2.5,1.5,2.6,2.3,1.2,2,1.5,6.2,3.8,0.2,0.9,3.9,8.2,1.2,
Sylhet,4,9.3,13.2,11.1,9.4,16.6,5.3,6.8,9.8,10.7,14.8,7.6,17.9,7.3,8.4,11.7,12.1,12.1,11.5,6.1,12.6,15.1,11.4,11.4,16.7,11.3,14.5,16,25.5,21.2,18.3,
Srimangal,4,8.9,7.2,5.1,5.4,5.9,3.7,4.5,2.1,7.3,7.4,6.7,5.4,7.6,1.7,3.2,2.3,3.6,13.4,7.7,9.5,3.1,11.6,8.2,12.7,12,8.2,12,11.2,11.9,6.7,
Rajshahi,4,0.5,1.1,0.9,0.9,0.1,0.9,0.4,1.2,1.1,1.8,2.1,1.6,0.4,4.2,5.2,1.3,1.3,4.4,1.3,5.9,0.9,3.4,1.5,1.8,2.7,2.5,5.7,3.1,2.3,3.1,
Ishurdi,4,0.9,1.7,0.6,1.2,0.7,0.9,0.7,1.3,0.6,1.7,3,2.4,2.2,4.2,5.2,1.4,5.2,5.7,4,4.7,0.8,3.3,5,4.5,9.2,4.9,6.7,5.3,3.3,3.8,
Bogra,4,1.4,0.8,1.5,0.4,0.1,1.5,1.1,0.3,0.7,0.4,2,2.8,2.8,1.2,2.1,1,4.2,4.5,2.2,6.1,1.3,2.3,2.6,5.4,6.4,3.9,7.2,3.4,2.9,8.2,
Rangpur,4,1.6,0.5,0.1,1.5,2.2,3,1.9,2.4,0.7,1.8,3,2.5,3.7,2.2,1.5,1.1,4.9,7.7,4.6,4.3,6.5,4.2,5.6,2,4.5,4.9,5.9,8.5,5,5.8,
Dinajpur,4,0.1,0.2,0.4,5.3,0.2,1.3,1.7,1.4,0.5,1,2.2,1.4,1.2,1.2,2.6,0.9,4.3,2.9,2.2,4.1,0.1,3.8,2,5.3,5.4,5.5,2.8,2.7,3.7,1.2,
Sayedpur,4,1.5,1.8,0.1,0.6,1.5,5.3,0,4.8,2,0.8,5.1,2.4,6.3,1.9,2.2,0.4,0.7,0.9,0.4,4.3,13.2,0.6,4.4,6.9,2.3,5.8,0.4,5.6,5.1,6.9,
Khulna,4,3.8,1.4,3.7,1.3,0.1,0.3,1.3,1.7,2.1,2.7,1.7,1.2,2.3,2.4,1.7,1.8,0.7,7.3,3.9,2.5,3,3,2.6,6.4,8.3,1.6,3.8,4.7,4.9,5.2,
Mongla,4,0.5,3.9,2.2,0,0,0.7,0,6.4,5,2.5,2.1,1.6,0.8,0.2,4.1,0.9,0.5,1,2.1,0.2,1.6,6.8,5.1,1.8,5.5,1.6,3.6,7.5,4.2,0,
Satkhira,4,0.8,2.3,1.3,1.9,1,0.5,1.4,1.1,4.7,4.7,0.3,1.3,3.6,0.9,3.9,2.2,2.7,8.8,2.3,0,1.4,4.3,1.2,1.5,9.1,5.3,4.9,6,5.6,1.4,
Jessore,4,1.5,1.9,2.9,2.2,0.5,0.5,1.3,1,3.5,1.1,0.7,1.3,2.7,0.5,2.6,1.5,1.5,3.4,3,1.4,4.3,1.4,1.8,2.6,4.7,3.2,4.4,6.9,5,6.2,
Chuadanga,4,0.8,3.3,0,0,0,0,0,1.3,1.9,1.2,1.5,1.3,2.1,0,2.4,0.2,0.6,0,0,1.2,1.3,2.2,2.3,0.4,3.7,0.8,0,7.3,0.4,3.6,
Barisal,4,6.9,4.7,1.5,2.8,0.4,3.9,4.1,4.8,4.4,2.5,2.8,6.8,3.6,4.4,5.6,5.4,4,6.4,2.4,2.3,3.2,4.4,5,3.4,5.8,5.2,5.6,3.6,10,6.5,
Patuakhali,4,3.5,1.5,3.5,1.8,0,1.4,2.8,4.1,3.9,2.7,3.8,3.2,3.2,3.2,4.3,4.5,2.4,7.7,5.1,0.7,2.8,11.2,5.7,6,13.4,1.5,4.8,8.5,11.2,4.6,
Khepupara,4,3.7,3.7,2.6,2,1.7,1.7,2.4,4.4,3.8,3.5,3.3,4.1,3.8,3.5,5.1,3,3.7,5.1,3.9,4.4,5.4,4.9,5.3,7.3,7.1,5.1,6.3,6.9,7.7,6.7,
Bhola,4,3.4,5,0.8,2.2,0,4.2,1.7,6,5.5,2.3,3.2,5.1,2.2,3.5,6.9,4.7,0.7,8.2,3.3,2.5,2.9,4.6,4.4,7.7,9.8,5.7,8.8,3.9,6.4,4.1,
Dhaka,5,9.2,7.4,6.7,4.9,13.3,6.4,7.3,10.8,15.3,8.8,11.4,9.5,9.3,18.5,10.8,9.3,10.7,8.9,7.9,12.7,12.5,13,5.7,18.1,19.6,11.1,18,13.9,11.1,10.7,6.6
Mymensingh,5,15.5,6.9,5.1,6.6,8.4,9,11.5,6.6,8.6,12.3,8.4,9.4,12.2,15.1,10.3,17.3,9.1,4.9,10.2,20.6,16.1,11.6,16.8,19.9,13.3,8.5,11.3,9,15.4,13.6,13.3
Tangail,5,7.2,1.4,6.7,4.1,3.5,11.9,6,13.1,7.9,2.9,3.9,3.4,5.1,3.6,8.9,24.1,7.4,6.3,3.8,4.5,11.6,10.7,2.4,13.6,7.6,10.6,21.3,15,13.4,15.4,1.1
Faridpur,5,9.3,8.7,5.5,5.1,6,2.2,7.1,6.6,5.8,8.2,8,6.3,7.4,12.3,5.8,15.7,13,6.7,8.1,8,7.9,6.8,7.5,9.7,12.2,13.1,12.6,11.2,9.7,15.3,6.2
Madaripur,5,16.8,9.5,8.1,8.8,7.7,7.5,9.2,6.4,5.8,3.8,5.4,12.1,6.2,5.7,10,12.2,10.6,4.3,4.4,4.3,6.4,7,8.7,11.2,8.2,11.4,10,12.9,16.6,9.6,3.5
Chittagong,5,9.1,11.4,4.2,4.8,10.6,9.9,7.4,10.6,4.1,5,9.6,14.4,6.1,10,12,14.2,6.6,4.2,12.7,6.2,5.2,6.1,17.5,18.4,6.4,15,14.2,10.9,11.3,8.2,12.1
Sandwip,5,9,10.9,6.4,4.5,6.1,11.3,9.8,14.7,4.6,6.3,6.7,10.3,4.8,6.7,11.6,11.1,7.1,3.8,17,6.1,14.6,8.7,15.2,19.5,7.9,29.8,16.7,9.7,23.2,12.9,13.7
Sitakunda,5,16.6,2.6,8.8,5.8,11.9,14.7,12.4,9,6.2,3.4,8.4,8,5.9,12.1,12.4,21.1,6.3,9.7,21.1,15,6.5,10.4,16.3,15,5,21,10.3,11.5,18.4,10.9,14.5
Rangamati,5,8.4,7.7,11.8,4.3,12.9,8.6,15.7,10.6,5.7,8.4,6.4,7.7,9.9,6.2,16.5,12.7,15.3,7.5,8.4,16.1,12.8,8.6,9,15.2,13.9,11.5,8,9.2,15.7,8,7.1
Comilla,5,11.5,4.3,5.8,6.5,12.8,6.6,15.6,11.5,5.5,10.7,13.1,12.8,5.7,14.5,19.4,15.6,15.3,6,8.2,8.8,6.6,7.7,5.5,10,12.8,7.1,12.5,14.4,15,11.3,16.6
Chandpur,5,11.5,13.6,6.7,10,9.6,6.6,9.7,7.6,6.5,4.6,7,8.1,10.6,11.1,15.7,12.4,11,3.8,5.6,7.5,13.9,10.7,3.6,17.6,10,8.3,8.1,11.8,11.1,10.4,11.8
M_Court,5,11.2,8.5,11.4,4.9,5,15.3,9.6,14.5,3.3,14,7.3,8.7,8.3,16.4,13.9,14.8,9,4,6.9,14.4,10.5,9.2,9.1,15.5,7,18.9,9.8,11.5,14,14.4,19.3
Feni,5,19.3,8.3,19,12.4,13.3,7.1,14.5,12.9,9.2,8.1,14.7,13.9,3.4,15.6,13.3,20.8,12.9,7.5,12.1,8.7,9.1,14,6.4,8.8,12.3,15.3,9.2,15.6,18.4,9.6,18.2
Hatiya,5,10.8,10.7,4,5.6,6,15.3,5.1,9.8,7,6.3,9.5,15.8,6.9,9.7,7.9,9.1,5.5,5.7,7.1,13.3,9,11.1,17.4,19.5,5.3,8.4,13.7,9.1,11.5,14,10.1
Cox's_Bazar,5,4.4,11,6.3,4.7,4.1,9.2,4.9,12.2,4,2.3,8.4,5.9,7.8,9,10.1,13,6.2,3.6,14.8,6.1,10.7,7.9,17.2,13.3,5.9,14,9,13.7,21.7,16.3,9.2
Kutubdia,5,3.5,6.6,5,4,3.8,4.8,5.8,5.6,1.1,0.6,2.6,3,2.2,14.2,10.9,13.4,8.4,2.8,16.9,9,5.7,10.7,11.2,5.4,7.7,11.8,6.6,8.1,13.5,8.6,2.2
Teknaf,5,4,16.7,2.4,1.8,5.4,9.7,4.8,4,2.6,1.3,5.7,7.6,3.5,6.9,10,8.5,9.3,5.9,15.5,10.6,6.1,13.9,7.5,6.7,7.2,11.8,9.6,18.2,20.1,12.6,10
Sylhet,5,15.4,18.7,17.5,15.9,25.8,17.3,19.1,9,21.9,19.4,18.8,12.7,17.4,22,20.1,17.7,17.3,18.7,9.2,19.6,18.8,23.5,13,14.3,11.5,16.6,18.7,23.6,32.2,20.3,23.8
Srimangal,5,15.7,9.3,9.9,22.5,12.5,17.9,14.9,10,13.3,13.5,15.2,12.3,11.9,26.1,20.5,16.2,11.3,12,14.7,14.2,9.4,14.7,10,14.6,13.4,11.1,16.5,23,13.4,13.8,16.1
Rajshahi,5,5.3,2.2,2.8,2.4,2.9,1.1,3.4,2.3,4.3,2.6,3.7,5.5,4.2,4.1,2.8,7.2,4.6,4.7,4.4,4,4.5,12.9,3,5.2,1.8,6.2,5.7,7.2,6.4,5.5,3.5
Ishurdi,5,3,6.3,3.7,4.9,10.1,2.1,5.4,4.7,6.4,4.1,7.9,4.6,9.4,8.6,4.3,7.3,6.8,4.2,5.4,8.3,10.1,9.1,3.5,7.5,6.4,8.3,8.7,14.8,7.2,7.5,5.6
Bogra,5,4.5,8.8,5.7,4.8,4.7,3.9,8.1,4.8,5.3,5.8,4.8,6,6.9,15.5,6,5.7,8.1,4.2,5.3,6.8,9.9,10.5,5.7,6.5,4.6,12.3,7.8,12.1,9.1,12.3,5.5
Rangpur,5,4.9,6.5,9.9,10.7,8.8,8.8,6,6.5,6.8,7.3,8.3,5.3,7.6,10.9,14.3,8.3,8.3,10.4,8.7,12.3,9,11.4,8.3,5.2,11.8,5.9,14.5,12.7,12.5,13.3,19.1
Dinajpur,5,4,3.5,4.5,5,6,5.5,7.9,4.7,11.4,2.9,2.9,2.3,6.1,10.6,9,8.1,11.7,2.1,15.6,6.9,6.4,6.9,3.3,10.5,9.8,11,15.2,8.9,17.2,8.8,4.7
Sayedpur,5,13.5,6.9,8.6,9.9,10.3,0.5,6.9,5.4,1.1,6.3,1.1,0.1,0.9,5.6,5,3.4,15.3,9.1,19.7,4.5,4.7,6.8,4.3,5.7,22.3,11.1,6.8,4.8,7,7.4,6.8
Khulna,5,4.5,7,4.5,4,3.3,2.4,4.9,5.5,3.8,5.3,5.9,6.4,7.2,5.1,4.7,6.8,12.8,4.3,6.3,7.7,5.3,8.5,4.4,4.1,3.8,15.6,13.4,4.8,9.4,12,6.4
Mongla,5,1.1,3.5,5.4,0.4,3.5,0.2,4.1,0.4,1.5,11,3.2,2.8,2.3,7.1,5.5,10.3,7,10.4,4.7,7.8,6.4,4.5,6.7,1,8.6,14.3,11.6,12.8,8.2,13.1,1.5
Satkhira,5,3.5,5.6,4.4,1.9,2,4.6,4.7,4.1,2.6,5.3,4.8,2.8,3.7,1.7,5.5,8.4,7.7,6.2,4.7,2.2,4.2,4.8,6.2,5.7,8.2,9.5,6.7,4.5,5.1,7.7,3.8
Jessore,5,7.4,6.3,1.7,3.5,6.1,4,5.8,5.8,3.3,5.5,9.6,4.3,5.1,3.1,4.8,7.5,11.1,3.9,4.3,5.8,5.5,4.6,1.7,6,5.5,8.6,6,5.7,5.7,8.4,3.4
Chuadanga,5,6.9,0.8,4.5,0.3,1.4,0.3,0.7,5.8,4.6,3.5,1.6,0.2,6.3,8.8,3.2,7.7,3.6,8.8,3.5,4.6,6.3,4.5,5.4,5.3,9,7.5,5.4,7.8,5.4,9.1,0.1
Barisal,5,7.2,6.7,3.4,3.9,4.8,6.3,9.7,6,8.3,7,7.4,5.5,8.4,6.7,6.8,7.8,10.2,3.9,3.5,4.6,4.7,9.5,3.8,6.2,6.3,15.2,14.3,10.2,12.9,12,9.7
Patuakhali,5,8.9,11.6,4.1,3.1,8.3,8,11.2,4.1,2.4,10.2,9.2,16.4,10.6,12.3,13.3,10,6.6,3.7,8.5,9.6,11.4,6.4,9.9,7.7,10,15.5,10.4,12.3,5.6,10.1,5.2
Khepupara,5,3.8,6.3,3.8,3.7,3.8,4.1,14.2,7.2,5.5,9.5,12.6,8,18.7,10,14.1,8.8,8.4,4.8,6.9,4.7,7.5,9.1,14.9,5.1,5.9,11.6,5.6,12.7,7.9,15,4.2
Bhola,5,9.5,8.9,5.8,5.8,5,7.8,4.5,11.7,6.7,7.9,6.1,3.8,7.3,5.7,8.7,13.1,13.4,5.1,6.1,10,7.3,9.9,5.8,11.1,6.7,17.7,13.6,8,13.8,18,9
Dhaka,6,10,7.2,7.4,13.4,8.6,12.2,13.3,17.2,13.9,10.3,12,10.7,14.6,10.3,8.5,20.6,13.7,17.6,8.3,4.8,5.7,8.1,10,11.9,15.1,7.3,9.4,11.9,16.3,10.3,
Mymensingh,6,9.7,8,7.9,22.8,22.5,10.2,10.8,12.7,17.1,11.8,16.6,8.3,8.6,13.1,11.4,18.3,12.2,14.2,16.4,10.4,13.4,10,20.7,8.5,14.6,7.7,8.4,13.5,12.2,22.5,
Tangail,6,7.6,9.2,9.1,4.9,11.9,4.8,8.8,5.9,4.9,13.1,14.9,13.4,22.1,16.1,10.8,6.5,16.6,18.5,9.8,1.8,11.6,16.7,14.9,17.9,6.7,8.2,7.7,7.9,5,3.9,
Faridpur,6,14.7,7.7,12.7,21.4,13.3,6.2,11,8.8,11,8.4,8.9,12.1,11.2,8.7,9.7,10,12.3,11.7,17.1,16,12.6,12.3,11,10.5,15.7,8.9,4.9,15.1,10.8,10.5,
Madaripur,6,16,9.2,7,12.1,11,11.9,3.5,9,18,16.1,10.5,24.3,17.4,7.1,7.2,20.3,19.3,9.3,9.9,9.7,18.5,13,11,18.5,13.3,9.4,12.5,13.5,15.2,10.9,
Chittagong,6,17.1,9.7,8.8,15.3,22.4,14.1,20,17.8,18.9,19.1,27.2,15.3,18.5,14.8,27,26.1,23.1,29.3,14,27,18.5,19.9,22.7,27.2,21.5,19.3,22,14.4,33.4,22.9,
Sandwip,6,13.5,17.7,11,18.6,10.7,17.7,23.6,17.4,20.4,15.9,27.7,17.9,22.6,30.1,29.9,30.6,30,24.5,23.5,22.9,18.4,26.1,25.3,30.1,18.1,25.3,21.3,27.8,15.7,18.4,
Sitakunda,6,11.2,18.8,6.7,17.5,6.2,9.7,5.5,10.9,12.2,12.5,16.5,21.5,9.7,12.6,17.1,22.3,24.2,27.8,24.4,22.8,10.3,24.5,35.3,36.7,20.1,19.8,20.8,16.5,28,26.1,
Rangamati,6,8.9,14.9,14.3,11.6,16,11.2,18.7,17.1,12.3,14.3,16.4,18.8,11.5,16.9,14,23.3,19.1,21.9,25.8,16.1,14.6,18.2,20.6,26.9,27.7,15.1,17.3,7.7,17.1,16.5,
Comilla,6,10.2,12.9,4.6,7.5,9.6,7,11.1,8.9,7.9,19.4,14,15.6,11.7,8.7,15.4,14.8,19,12.2,7.5,6.8,6.1,10.4,12.3,13.7,6.6,11.9,7.5,15.1,10.7,10.5,
Chandpur,6,7.2,7.7,9.1,11.8,7.6,16.9,16.8,4.7,10.4,12.2,11.5,10.7,15.9,9.9,11.4,13.1,14.8,27.9,7.9,10.2,11.6,17.1,11.9,13.6,12,10,10.2,14.2,14.4,30.9,
M_Court,6,6.7,9.3,6.1,12.7,12,5.2,22.4,7,13.6,21,18.6,23.4,24.4,19.7,18.3,22,32.4,27,14.5,12.6,22.5,19.5,21.7,28.1,18.2,13.7,20.7,20.2,21.2,18.1,
Feni,6,10,13.3,9.6,12.8,13.4,7.4,15.1,18.8,19.9,23.7,15.8,20.2,14.8,18.9,13.2,17,30,21.3,23.8,16.4,17.2,15.3,19.6,19.9,13.3,15.7,15.1,25.3,24.7,28.4,
Hatiya,6,12.4,10.5,16.4,15.1,17.5,10.7,24.8,27.8,13.6,21.1,14,20.5,13.7,19.9,28.7,25.1,19.8,22.6,11.4,25,12.7,22.3,20.9,24.3,25.6,17.1,18.2,26.9,18,15.4,
Cox's_Bazar,6,11.3,15.3,16.2,14.5,15.4,15,27.9,23.9,11,32.8,25,24.3,20.6,22.1,30.4,32.8,30.3,29,26.7,44.5,39.3,40.8,34.6,48.3,31.4,29.1,32.5,28.1,19.7,29.3,
Kutubdia,6,7.7,7.7,6.4,26.7,17.6,7.4,17.1,9.9,9.8,30.8,34.6,17.6,12.4,9.7,20.2,27.9,14.3,26.7,32.6,38.4,20.1,18.8,28.1,38.8,36.5,30.5,23.1,18.9,31,17.2,
Teknaf,6,20,22.9,19.1,17.3,20.5,13.9,24,12.7,26.6,37.8,30.3,29.8,25.1,25.2,32.2,27.7,44.1,33.3,41.4,60.3,44.8,34.5,64.2,46.9,50.8,34,29.3,30.9,29.8,38.8,
Sylhet,6,28,35.7,15.5,19.3,21,18.4,36.4,39.4,22.1,23,17.6,44.3,22,25.5,22,45,30.6,24.1,24.6,26.7,28.6,17,27.2,41.4,26.3,25.6,25.2,18.9,27.8,39.4,
Srimangal,6,21.7,21.8,10.5,13.7,24.7,10.8,20.6,16.8,21.7,23.7,9.7,8.2,28.7,9.3,10.1,21.9,10.5,12.2,16.2,7.4,8.7,13.1,11,19.4,17.5,11.1,8.5,11.8,14.6,13.6,
Rajshahi,6,2.4,2.5,0.9,7.7,8.1,6.3,13.8,7.5,6,5.8,6.7,10.8,6.1,8.7,7.7,8.9,12.8,9.5,10.6,5.6,14,10.8,10.4,15.3,12.1,11.2,7.4,8.5,14,12.5,
Ishurdi,6,1.4,2.1,5.2,9.9,17.3,5.3,7.8,8.7,14,15.5,9.3,12.2,6.2,10.8,10.2,9.5,10.3,13.9,7.6,7,10.9,15,11.6,9.4,13.9,6.7,6.7,9.5,14.6,6.2,
Bogra,6,7.5,9.3,6.8,8.8,12.4,8.4,8.8,16.6,19.4,5.8,10.5,10.6,8.7,8.3,11.1,15.2,16.8,18.7,6.3,5.6,19,15,20.5,11.3,7.5,12,12.8,7.2,10.8,12.4,
Rangpur,6,12.1,9.9,5.2,12.6,16.2,19.1,13.2,14.8,16.8,5,11.1,10.9,16.2,24.3,17.1,22,21.3,17.5,10.8,11.3,11.7,11.4,14.5,8.9,12.5,18.2,12.4,10.1,11,19.4,
Dinajpur,6,5.3,4.1,1,11.6,6,8.9,10.2,8.1,10.3,7.2,17.3,7,12.9,17.7,15.5,13.2,7.7,17.2,4.7,11.8,12,12.8,13.2,7,4.9,10.9,13,15.3,20.7,27.7,
Sayedpur,6,8.7,19.8,15.5,8.5,21.9,13.2,37.6,13.8,27.3,5.5,21,7,9.9,18.6,4.8,17.2,14.5,29.5,13.4,11.1,9.2,9.2,12.6,13.3,7.1,8.7,11.2,5.9,23.4,16,
Khulna,6,7,7.7,8.1,11.8,10.4,3.8,11.1,6.4,4.5,10.4,12.8,12.7,13.2,5.9,12.6,21.2,15,6.8,14.5,10.9,15.9,9.4,5.5,18.3,14.6,14.4,8.3,18,10.7,13.9,
Mongla,6,10,14.2,3,4.1,8.8,14.2,4.6,4.6,7.3,7.1,15.8,8.6,5.9,4.2,13,12.4,22.4,16.3,13.7,10.9,20.2,18.4,10.4,17.2,12.8,5.2,9.3,9.8,9.2,10.2,
Satkhira,6,1.1,8.9,4.7,10.5,12.7,4.5,3.9,5.8,12.1,10.1,11.6,11.4,8,5.3,8.4,7.3,12.3,11.7,8.2,9.2,11,11.1,5.4,14,13.8,17.8,21.5,11.3,9.8,13.4,
Jessore,6,3.4,5.3,8.9,5.6,17.9,10.6,7.9,4.3,7.6,11.7,8.3,6.1,10.4,7.2,12,8.9,13.1,9.8,10.6,15.6,13.1,15.6,9.6,11.3,14.9,9.6,10.7,9.5,11,8.4,
Chuadanga,6,3.9,4,7.8,3.8,10.5,2.9,2.8,2.8,5.8,2,15.7,5,3.4,2.1,4.7,3.7,18.3,9.9,13.1,16,9.4,19.5,10.1,5.7,9.3,4.5,11.8,7.9,13.3,5.8,
Barisal,6,5.3,11.6,14.8,13.2,6.6,10.1,16.2,9.5,8.3,15.1,10.8,13,18.1,9.6,11,20.5,21.4,18.2,13.9,11.9,16.3,12.6,16.6,17.1,13.5,13.1,14.3,15.5,17.4,13,
Patuakhali,6,12.6,10.2,19.4,15,9.6,8.8,7.7,8.9,19.6,16.3,10.8,23.1,13.9,11.7,24.3,20.4,34.6,19.3,26.6,16.8,20.4,17.8,22.6,16.1,25,20.7,21.6,28.7,24.6,20,
Khepupara,6,11.9,8.7,14.6,13,7,19.3,16.1,8,8.6,10.3,14,18.9,13,12.3,25.5,30.7,38.8,21.6,18.4,19.9,21,16.7,20,21,17.6,16.2,17.2,13.9,18.3,17.4,
Bhola,6,11.8,10,21.4,17.6,14.2,12.3,14.8,8.9,13.1,10.8,9.5,13.6,17.5,13,16.9,27.4,29.6,20.7,14.3,13.5,18,13.5,17.5,16.7,13.7,16.4,12.6,17.7,15.2,13.3,
Dhaka,7,7.6,15.1,10,11.4,12.5,9.5,12,4.6,13.4,12.8,13.6,10.3,9,17,17.1,13.1,9.6,6.8,19.3,14.9,25.8,17.3,8.9,9.5,9.6,11.5,13.8,9.9,9.9,7.6,10
Mymensingh,7,19,17.8,5.9,25.7,14.7,18.9,10.2,12.8,10.9,19.8,17.6,9.6,15.9,10.6,7,14.7,15.7,12.6,9.6,15.7,13,12.2,14.5,16.7,15.9,15.1,15.2,15.3,14.4,12.8,6.5
Tangail,7,10,20.6,8.7,17.9,23.9,6.4,12.4,10.8,21.9,14.1,9.6,6.2,7.9,3.5,6.1,7.5,3.2,8.8,16.8,15.6,22.4,13.6,6.2,11.2,4.7,6.1,7.4,10.4,10.6,4,16.4
Faridpur,7,16.6,13.9,17.5,14.1,14.9,9.1,11.3,7.8,9.1,12.3,8.6,7.7,8,10.3,11.3,8,10.8,8.9,11.5,10.6,6.7,11.8,13.3,9.6,9.9,11.7,9.7,10.4,10.5,11.7,12.3
Madaripur,7,12.9,8.8,9.9,12,14.8,9.5,16.2,9.4,13,11.8,26.9,8.2,8.7,5.7,15.8,8.2,9.4,9.7,8,11.7,17.4,23.2,17.7,13.6,12.2,13.6,14.2,11.4,17.8,12.1,17.5
Chittagong,7,27.2,38.1,32.7,37.7,22.5,22.4,33.6,20.6,16.3,16.3,20.2,24.6,24.1,16.9,28,25.3,26.7,26.9,25.4,26.8,21.7,18.1,17.4,17.7,16.8,30.7,25.6,16.7,15.6,17.7,17
Sandwip,7,21.3,23.2,29.3,23.4,34.7,29.8,25.3,25,25.3,29.9,25.3,32.4,29.7,36.2,25.8,20.4,21.7,29.5,40.7,30.1,30.6,27.6,22.8,18.6,41.5,32.8,19.4,24.4,13.4,22,23
Sitakunda,7,18,27.3,27.2,31.4,33.8,26.5,26.8,28.9,22.9,25,18.6,32.7,25.2,23.7,17,23.9,13.6,19,26.7,13.3,25.1,18.1,29.7,23,29.6,24.5,18.3,29.8,12.9,11.4,23
Rangamati,7,23.2,14.4,17.2,22.2,15.5,13.7,18.5,17.3,11.6,15.9,18.5,19.1,16.4,25.2,20.9,20.9,12.4,15.4,24.8,21.8,18.2,18.2,11.6,17,18.9,29.5,19.2,16.6,16,17.7,25
Comilla,7,13.1,8.9,19.5,20,14.3,7.6,9,7.4,11.5,14.7,20.9,14.1,9.6,17.9,11.9,18.1,13.7,9.8,18.9,15.1,17.9,22.7,10.3,14.7,9.8,17.4,10.7,7.1,8,10,10.8
Chandpur,7,14.8,13,15,16.2,13.6,7.8,8.2,8,9.8,20,19.5,9.6,8.3,18.3,13.8,14.1,11.5,10.6,13.5,13.4,19.4,24.7,15.6,14.6,17.2,12.9,8.8,14.3,13.4,16.3,8.1
M_Court,7,13.6,31.5,24.7,21.6,26.1,33.8,16.4,29.2,20.7,15.8,25.7,20,27.7,20.2,17.8,28.5,45.1,29.1,34.8,24.1,32.8,35.3,37.3,21,25.1,39.7,17.3,21.7,11.6,17.7,24.3
Feni,7,22.2,28.6,31.5,28.9,23.7,23.6,20.3,14.3,31.4,17.6,35.1,26,27.2,20.5,26.9,18.6,25.8,26,29.2,21.7,26.5,21.5,21.6,22,18.6,27.6,19.9,24.4,18.1,18.8,13.5
Hatiya,7,14.3,24.7,17.3,15.8,25.5,31.1,24.4,17.4,18.8,24.6,23.5,18.7,34.4,16.2,25.2,20,25.4,44.5,38.4,17.9,20.6,23.2,21.2,24,19.7,21,21.3,24,12.8,15.4,17.3
Cox's_Bazar,7,27.8,39.4,34.4,19.7,34.3,29.1,24.3,26.1,31.4,21.9,25.8,26.9,32.3,25.7,31.4,35.2,24,32.6,35.1,23.8,33.7,29.7,25.7,32.7,35.6,36.6,26,31.1,23.8,45.8,22.8
Kutubdia,7,17.5,30.4,35.7,24.9,37.1,29.9,36,24.6,28.2,21.4,16.2,20.5,19.7,10.5,39.4,29.8,17.9,20.8,40.1,23.9,39.8,19.1,12.9,28.3,18.2,13.7,20.5,27.8,18.9,20.4,19.5
Teknaf,7,34.3,37.7,40.8,36.1,45.9,33,32,32.1,30,28.8,38,29.9,30.8,25.8,24.6,16,28,32.3,29,32.3,57,32.3,28.4,28.6,35.4,33.3,35.8,33.2,33.8,40.5,34
Sylhet,7,27.6,32.1,34.4,44.2,26,19.5,18.9,28.3,24.1,31.3,18.9,18,15.9,19.1,19.7,19.3,33.3,31.6,24.1,29.2,21.3,30.2,24.5,31.4,31.9,29.3,32.4,27.3,28.1,22.7,24.6
Srimangal,7,23.5,14.6,9.2,7.6,9.5,9.1,10,4.1,12.8,14.3,11.4,8.3,9.8,7.1,8.3,11,8.8,9.4,6.9,11.1,15.5,13.1,4.8,13.3,14.2,7.5,12.9,12.2,12.1,13,13.9
Rajshahi,7,10.2,11.8,11.7,8.1,7.5,8.2,8.7,8.1,13.8,9,10,13.5,10.7,7.9,11.3,10.8,10.5,7.9,8.1,12.4,13.9,17.5,7.7,9.2,9,13.5,20.3,12.8,4.6,5.5,6.3
Ishurdi,7,12.9,10.9,11,6.1,7.8,6.3,15.2,5.1,9.4,23.4,16.2,9.2,7.3,9.2,13.3,17,17,10.5,11.3,10.7,11.3,7.5,11.3,6.4,13,9.8,12.6,11.6,7.4,6.7,8.3
Bogra,7,12.8,12.9,15.6,12.2,18.4,17.7,13.3,16.2,8.3,16.8,12.7,11,10.3,13.4,17,13.3,10.9,15,12.8,14.9,15.4,8.2,11.6,17.7,12.7,9.8,16.2,11.2,7.8,7,12.9
Rangpur,7,13.3,19.1,9.2,11.6,21.7,24.2,14.5,11.9,16.7,15.7,20.5,14.2,12.3,8.4,16.7,11.6,12,9.3,15.5,9.3,13.7,17.4,15.6,17,21.8,32.4,19.1,18.8,6.8,7.1,7.7
Dinajpur,7,22.1,10,7.2,14.2,15.8,23,12.5,17.9,11.3,27,15,17.5,14.1,19.9,13.7,12.4,17.2,10.6,7.8,9,9.8,14.8,15.6,25.1,13.1,11.9,11,8.5,6,9.7,9.7
Sayedpur,7,6.4,23.1,13.7,6.5,11.5,6.8,1.3,3.6,4.2,4.3,11.3,16.4,27.3,19.2,9.1,0.8,5.1,20.5,6.4,4.1,10.2,6.3,13.4,10.3,27.8,2.9,7.7,27.5,18.5,14.8,9.5
Khulna,7,9.1,13.3,11.2,9.6,14.9,11.7,11.2,9.7,9,13.5,10,9.4,10.5,9.5,10.2,11.8,11.8,8.2,12.5,15.8,15.1,10.8,13.1,14.6,5.2,6,10,7.9,6.1,4.7,13.3
Mongla,7,6.5,8.1,11.7,6.8,9.7,8.4,12.5,5.9,18.5,9.6,11,7.5,6.6,12.4,9.6,4.9,13.6,15.7,15.2,20.4,19.4,15.5,13.9,11.1,13.4,11.3,7.2,10.8,7.1,9.6,8.8
Satkhira,7,6.9,13.5,11.5,10.1,13.1,13.8,15,14.3,12.5,10.8,8.7,8.4,8.1,4.9,11.7,15.5,20.4,13.4,19,8.3,14.1,15.7,15.7,12.3,8.8,9.3,13.5,14.7,12.4,7.7,11.4
Jessore,7,10.5,10.6,10.8,9.6,12.8,9.9,11.1,5.1,5.4,7,10.7,5.2,7.7,6.1,11.5,8.7,11.5,8.3,10.7,10.9,15.1,12.9,13.9,11.6,6.7,10.9,11.9,12.9,5.5,8.1,10.9
Chuadanga,7,12,11.5,17.1,9,12.4,6.4,14.5,10.4,14.1,18.2,14.5,22.1,16,5.8,4.9,5.2,3.6,6.5,17.6,9.3,18.7,11.6,27.8,13.2,2.8,5.8,6.9,12.1,15.1,4,2.7
Barisal,7,15.5,13.9,13.9,11.5,21.8,12.7,9.6,11.8,9,14.5,15.6,8.9,16.8,10.7,9.9,13.6,14.1,14.4,10.2,16.3,20.8,12.4,11.6,9.7,14.8,13.9,14,10.3,11.6,11.2,12.4
Patuakhali,7,12.3,13.7,24.7,20.2,25.3,26,20.6,14.3,10.4,14,20.7,11.7,14.3,16.8,16.4,13.3,14,21.9,21,21.3,26.5,26,21.6,17.5,15.5,20.8,21.9,22.4,9.5,16.3,22.2
Khepupara,7,38.6,23.1,28.3,26.7,22.5,26.1,22.4,23.1,17.5,19.6,18.9,19.3,17.2,15.1,17.9,12.7,15.5,35.2,25.5,21,23,13.9,20,22.8,19.5,15.5,18.5,32.6,5.8,7.6,24.8
Bhola,7,17.8,14.9,10.5,10.2,18.1,23,13.8,9.5,12.4,14.9,16.8,12.5,12.8,14.4,13.4,12.6,13.1,13.1,15.1,15.9,15.2,14.9,14.5,16.3,18,16.3,13.8,14.9,9.8,15.4,10.6
Dhaka,7,13.4,14.5,12.4,8.6,10.4,9.1,12.5,8,4.6,5.2,9.2,11.5,22.5,12.4,12.1,6.9,9.8,3.1,11,8.1,15.9,7.2,12.4,11.5,8.8,11.4,10.4,6.4,9.1,7.9,10.1
Mymensingh,7,7.3,15.6,10.8,13.5,10.3,13.9,7.4,6.3,8.7,7.9,11.1,12.3,11.8,8.5,7.1,8.4,9.6,4.8,8.3,8.8,12.5,11.1,9.8,11.9,12,10.9,15.1,7.4,11.6,11,12.3
Tangail,7,8.4,12.3,5.8,11.4,8.4,6.6,2.6,5.4,4.6,5.6,10.5,10.2,12.3,9.1,12.9,3.2,13.6,8.4,3.1,4.4,4.2,3.7,10.8,4.6,13.1,11.2,9.1,7.1,6,12.9,11.6
Faridpur,7,9.5,16.9,9.8,5.4,13.1,6.9,4.5,9.4,3.6,4.7,8.5,16.7,11.2,14.8,22,9.3,8.4,13.1,13.4,9.8,7.3,7.8,12.1,8.8,14.6,11.2,6.3,4.2,7,11.4,6.9
Madaripur,7,14.4,23,23,9.4,8.7,17.3,6.5,9.5,4,7.6,6.2,14.6,15.6,7.8,12.9,6,2.6,6.1,14.5,7.6,8.5,14.5,22,17.5,15.4,7.8,8.2,9.3,6.8,12,12.5
Chittagong,7,18.2,26.1,35.1,24.5,22.5,18.2,16.9,6.6,7.7,7.1,15.1,22.7,26.9,24.5,14.2,12.1,2.1,14.7,26,13.3,17.4,20.8,11.8,17.4,16.7,13.9,15.9,13,20.3,16.8,12.2
Sandwip,7,24.2,25.9,26.2,30.1,32,25.9,19.7,24.9,11.8,15.6,19.3,30.5,31.4,28.3,29.6,13.8,10,15.3,14.8,20.9,26.5,23.9,23,22.4,19.9,15.9,27,20,17.8,21.7,26.8
Sitakunda,7,25,27.8,24.2,28.4,15.1,16.4,7,10.2,7.6,13.1,15.6,36.9,19.5,14,9.1,11.5,7.8,5.7,14.1,16.6,29.7,17.1,21.7,22.2,23.4,16,21,10.2,18,17.7,23
Rangamati,7,15.2,15.1,24.4,10.9,13.4,8.5,9.8,11.1,14.7,15.3,13.8,17,16.7,21.7,10.9,12.8,3.7,12.6,13.2,14.8,14.9,10.1,14.7,16.3,13.8,10.9,16,12,16.4,16.9,17.8
Comilla,7,8.7,16.5,13.3,12.7,14.2,4.6,6.3,9.5,5.2,10.4,7.1,15.2,14.9,9.4,11.4,6.3,4.3,12.1,16.7,8.4,7.6,10,9.6,9.7,9.2,6.8,12.2,14.5,8.2,7.8,13.1
Chandpur,7,13.4,24.4,32.5,11.5,7.6,10.1,8.7,8.6,5.7,6.3,9.1,13.6,16.5,11,6.3,11.8,6.8,14.9,12.1,13.8,12.9,14.3,9.1,6.5,16.3,11.7,8,9.2,8.8,9.8,9.4
M_Court,7,20.7,43.9,25.6,19.4,21.4,17,16.4,22.3,9.6,17.1,23.7,22.7,20.7,34,17.8,8.8,13.3,19.6,25.4,26.6,16.3,21.6,14.9,21.8,18.2,17.9,34,21.3,14.6,13.4,17.3
Feni,7,25.2,23.7,23.5,19,20.9,12.4,9.4,15,11.7,15.8,17,27.9,19.9,11.7,12.9,15.9,10.8,21.9,23.3,15.1,15,11.7,18.6,9.3,14.4,14.9,22.2,13.7,18.3,19.1,26
Hatiya,7,18.1,19.7,34.4,27.8,17,18.7,21.9,24,9,16.8,11.1,20.4,31,25.1,21.2,13.3,8.9,19.5,9,13.8,18.2,14.9,13.5,15.2,16.6,16.4,19.8,23.9,12.7,15.8,18.3
Cox's_Bazar,7,22.2,30.9,27.4,28.2,31.2,26.1,20.8,25.1,14.2,13.7,24.3,33.6,26,18.9,17.2,15.9,12.8,22.4,22.1,17.7,14.9,19.2,15.6,20.3,22.9,22.5,20.8,20.2,26.3,14.1,19.4
Kutubdia,7,11.9,35.5,24.1,15.9,20.8,10.5,13.4,11.6,3.2,8.3,21.9,23.8,26.7,13.4,9.1,22.1,7.8,7.2,22.4,13.5,13.7,11.1,11.3,21.3,20.8,15.5,12.5,18.2,16,12.9,12.5
Teknaf,7,38.4,40.1,37.9,41.8,36.9,38.8,39.1,36.2,19.5,17.5,16.5,30.2,35,32,25.3,30.2,14.9,22.5,26,22.9,23.8,28.7,28.5,33.3,28.1,26.2,28.5,33.7,24,22.4,20.1
Sylhet,7,18.9,14.8,21.9,22.8,16.5,12.5,20.3,16.4,15.7,19.9,25.9,19.2,29.1,27.9,24.2,20.4,23.9,25.8,11.3,22.4,17.4,20,20.4,28,20.3,13.1,14.7,13.9,18.8,20,15.9
Srimangal,7,15.8,13.9,15.6,7.9,5.9,4.5,9.7,13.7,7.4,10.5,11.5,9.4,11,9.7,9.6,10.6,11.9,7.4,12.5,5.8,8.6,6.7,11,8.6,7.3,10.9,10.8,7.8,8.2,6.9,8.4
Rajshahi,7,5.7,9.2,9.2,14.4,12.9,10.6,7.4,4.8,4.4,5.2,5.1,8.8,6.2,16.9,10.7,7.9,7.6,8,8.3,7.1,6.7,9,8.1,12.4,11.4,6.4,7.2,10.6,11.5,10.8,9.3
Ishurdi,7,9.8,4.8,9.4,10.3,15.8,6.6,4.1,5.4,4.6,4.2,4.2,10.1,12.3,9.1,17.4,7.9,6.1,8.6,9,11,7.5,10.6,6.7,4.6,14.3,6.9,12,7.2,6.1,6.5,8
Bogra,7,6.4,12.3,9.6,16.9,10,10.6,2.4,3.7,5,4.8,9.7,12.8,8,6.5,17.6,7.6,3.4,9.7,14.6,8.1,14.3,9.3,8.8,7.5,13.2,6.9,5.7,6.6,15.3,9.2,9.1
Rangpur,7,9.6,23.5,7.2,11.6,15.3,8.7,3.1,4.2,9.9,7.5,24.1,19.6,13.4,12.9,9,9.3,10.1,8.9,6.2,12.8,8.4,12.3,9,16.3,30.7,10.4,9.8,22,10.4,7.6,12
Dinajpur,7,19.9,15,13.2,10.5,5.9,6.8,3.8,3.5,4.9,8.9,13.5,22.2,18.7,11.7,8.2,17.9,7,3,6.4,8.3,23.5,22,18.2,23.5,23.2,10.3,5.2,13.6,15.7,11.7,11.6
Sayedpur,7,6.4,23.1,13.7,6.5,11.5,6.8,1.3,3.6,4.2,4.3,11.3,16.4,27.3,19.2,9.1,0.8,5.1,20.5,6.4,4.1,10.2,6.3,13.4,10.3,27.8,2.9,7.7,27.5,18.5,14.8,9.5
Khulna,7,12.1,17.2,11.9,14.4,9.3,7.5,9.2,4.6,4.9,9.9,9.3,12.9,13.6,28.1,11.5,12.9,3.8,7.8,5.4,12.1,8.2,8.1,9.7,7.2,16.7,7.3,5.6,14.8,6.5,12.4,8.7
Mongla,7,14.9,21.9,16.3,16.7,8.7,16.9,3.8,5.5,13.4,8.3,21.2,10.5,14,19.5,12.4,12.6,6.7,6,8.2,21.3,15.6,8.1,8.6,2.3,3.3,6.4,1.7,9.3,3.6,10.9,15.8
Satkhira,7,11.5,18.5,10.5,13.8,10.3,10.1,9.3,5.7,8.2,5,7.1,8.9,6.4,13.4,7.6,9.2,4.4,9.3,12.8,8.4,7.9,15.4,11.3,4.9,7.8,13.3,7.6,6.9,9.6,12.2,9.9
Jessore,7,10.4,11.8,15.5,15.8,13.8,12.5,5.7,7.4,6.8,4.1,8.4,7.1,8.1,15.1,19.4,10.9,4,8.8,10.8,7.3,9,7.8,6.7,5.5,13.4,11,6.4,8.9,6.6,6.4,6.3
Chuadanga,7,5.4,14.4,10.1,4.6,9.8,9.3,4.7,4.8,2.3,7.9,11.3,17.2,10.3,13.8,5.3,1.4,12.2,7.5,3.5,3.8,6.8,12.1,13.8,1.3,4.8,2.3,8.3,2,6.5,7.3,8.2
Barisal,7,12.3,21.4,19.7,19.1,17.6,10.9,9.8,8.2,13.5,7.9,9.4,11.6,17.7,16.8,13.3,9.9,8.9,6.9,7.8,10.7,9,8.1,8.1,9.8,19.5,12.1,12.8,5.7,8.6,10.4,13.7
Patuakhali,7,15.6,25.3,26.2,19.2,16.8,12.5,15.6,21.5,7.2,9.5,14.5,20.8,20.7,22.1,20.1,10.3,9.6,9.2,10.4,20,13.8,24.9,7.9,11.2,16.4,16.8,12.5,11.3,15.3,16.1,11.5
Khepupara,7,18.2,24.8,15.1,18.4,22,19.5,13.7,20.7,10.1,6.3,7.1,14.9,22.5,32.9,12.4,14.4,16.1,10.9,8.6,14.1,9,18.4,14.9,13.9,26.6,14.8,15.7,9.1,12.3,9.6,12.7
Bhola,7,15.8,19.2,17.5,19.3,15.7,13.5,7.2,12,7.1,8.2,11,14,17.6,16.1,13.9,9.7,8.2,11.9,8.9,14,9.4,14.2,11,13.6,13.5,17.2,11.7,7.4,11.5,12.8,12.4
Dhaka,8,8.4,11.4,15.4,10.6,9.7,7.6,12,8.2,13.1,16.1,7,5.8,6.3,5.1,9.7,15.8,13.1,5.8,4.2,7.7,11,11.5,12.8,7.7,8.7,16.2,13.6,11,10,4.9,
Mymensingh,8,10.6,8.1,11.7,8.9,13.4,10.8,7.9,5.8,8.7,8.9,9,13.3,7.9,10.1,8.8,11.8,15.8,9.7,9.1,19,3.5,5.8,9.5,7.6,17.8,32.3,18.6,14.3,8.7,7.7,
Tangail,8,4.6,30.1,2.8,8.4,17.3,5.9,4.9,7.6,4.6,8.2,11.6,10.1,5.6,8.2,4.5,15,8.8,6.9,20.3,6.7,9.1,3.7,13.9,11.6,17.9,12.4,15,11.4,5,5.8,
Faridpur,8,9.9,4.3,19.4,11,4.4,7.5,7.6,3.4,7.7,10.1,6.1,4.8,3.8,6.3,7.5,13.4,11.7,7.2,6.5,8.5,4.6,9.6,9,13.4,7,19.9,15.7,6.3,10.1,7.7,
Madaripur,8,4.2,14.2,13.2,5.1,8.3,10.2,9.2,6.4,7.7,9.2,10.5,8.1,6.4,4.2,6.6,8.3,5,4.8,8.5,8.4,3.3,2.6,8.3,7.8,11,16.2,15.8,6,14.4,2.9,
Chittagong,8,7.2,6.6,11.2,14.3,17.1,8.3,6.1,8.3,3.9,8.4,14.5,5,11.9,6.7,5.8,5.3,8.8,5.5,4.2,6.5,9,17.3,11.6,12.3,7.6,7.7,10.6,4.1,4.5,9,
Sandwip,8,13.9,13.9,20.1,13.1,24.1,20.3,15.3,11.9,9.1,11.8,20.1,9.3,7.7,6.3,4.6,14.9,14.6,4.2,10.7,9.4,8.4,11.9,20.8,11,16.7,26.7,11.7,9.5,12.1,10.8,
Sitakunda,8,9.3,10.6,13.8,18.8,23.7,7.6,9.6,10.7,6.2,15.5,15.7,9.3,4.2,10.6,5.6,7,7.5,8.1,14.5,6.6,13.8,9.9,15.4,18.2,13.9,11.5,5.8,5.1,5.3,2.3,
Rangamati,8,8.7,15.5,12.3,10.6,12.4,8,5.4,9.8,3.9,10.4,13.5,7,5,8.4,7.9,7,7,6.6,12.7,8.5,6.8,6.8,12.4,10.4,5.3,8.7,9.3,6.1,5.6,7.7,
Comilla,8,5.9,5.6,8.7,11.2,6.7,4.9,2.8,8.7,7.1,7.6,6.9,7.6,9.6,5.9,6.9,7.7,6.4,10.7,8.9,4.7,8.4,9.1,5,11,3.9,11.3,14.3,3.7,5,10.7,
Chandpur,8,6.3,15.7,8.7,9.5,8.2,6.8,4.9,8.2,8.1,15,11.8,5.5,8.8,7.5,6.5,9.6,5.9,8.6,6.2,1.9,11,7.4,5.2,8,7.1,15.9,7.1,6.8,9.4,5.4,
M_Court,8,17.8,9.3,24.2,26.7,24.1,15.3,12.2,7.9,16.8,10.9,13.6,13.2,13.1,8.3,9.7,7,6.5,6.5,8.1,5.3,9.1,7.5,5.5,5.6,10.4,15,11.3,15.8,14.4,8,
Feni,8,8.6,14.4,10.2,14.5,20.1,16.3,10,8.8,7.1,11.5,12.8,12.5,9.9,9.5,7.3,10.5,4.5,12.2,14.3,7.2,10.2,9.7,13.1,7.4,6.9,19.8,10.7,4.7,8.4,12,
Hatiya,8,20.6,17.9,13.4,20.4,17.9,16.3,11,10.7,12,11.5,17.8,13.6,8.9,14.2,13,4,4.8,3.2,9.3,5.9,8.3,11.6,15.3,19.8,13.2,16.5,13,18.8,14.4,7.9,
Cox's_Bazar,8,21.3,12.9,15.9,25.1,29,9.6,8.9,10.5,8.8,5.6,16.7,10.5,8.7,7.6,12.1,8.8,11.4,5.7,6.5,6.8,14.8,8.4,14.7,7.5,8.2,9.9,5.1,6.7,3.7,8.8,
Kutubdia,8,10.3,23.2,13.9,10.7,16.6,10.7,7.5,4.4,3.2,6.9,16.4,9.3,8.9,5.1,4.5,11.4,14.3,6.8,4.1,3.5,13.9,6.9,14.6,17.5,7.9,13.8,5.2,2.8,3.6,21.7,
Teknaf,8,24.3,21.2,27.5,21.5,22.1,18.2,19.1,13.6,9.9,14.5,14.4,17.3,10.5,9.5,8.4,8.1,6.4,8,9.8,6.8,15.3,7.7,16.3,17.8,15,14.7,8.6,5.5,4.2,5.8,
Sylhet,8,16.4,19.9,23.8,29.7,23.4,15.4,12.2,20.9,18.6,33.3,22.3,16.1,15,15.6,11.8,19.9,14.4,23.6,13.4,8.4,11.9,10.9,13.3,10.5,28.2,27.9,18.2,19,11.9,10,
Srimangal,8,9.7,12,9.3,13,9.5,24.8,6.9,8,8.1,10.9,11.8,9.5,9.2,11.8,4.9,16.3,8,8.3,8.9,5.7,7.3,5.7,6,7.3,8.4,11.8,6.4,9,3.3,7,
Rajshahi,8,8.1,7.4,7.5,6.7,12.1,9.5,6.5,9.5,8.6,7.8,6.5,16.2,9.8,7.3,12.2,6.1,6,8.7,10.7,8,8.5,6.2,8.2,13.2,16.6,18.3,18.3,11.2,12.2,8.1,
Ishurdi,8,5.2,10.2,13,9.9,12.1,9.6,3.9,8.9,7.9,11.4,10,9.6,5.7,4.9,5.7,11.9,6.2,9.4,12.4,5.7,11,6.4,11.5,7,16.8,18.7,11.9,17.3,5.8,2.9,
Bogra,8,13,7.2,7.5,15.2,11.7,11.6,5.4,7.3,9.8,7.5,6.2,12.1,9,6.5,11.6,17.3,10.5,5.9,9.6,12.2,7.1,7.9,8.8,13.8,8.3,17.2,18.1,15.6,9.1,6.9,
Rangpur,8,13.5,9.3,11.1,16.6,12.5,13.4,6.9,7.2,13.8,18.7,15,9.4,15.9,10.8,15.6,16.1,10.5,8.8,7.4,8.1,9.9,26.4,8.9,11.1,9.6,12,29,23.5,4.5,7.8,
Dinajpur,8,12,10.9,10,13.9,8.3,9.1,5.1,11.6,16.3,10.7,7.6,6.9,11.6,4.9,7.9,12.9,15.4,5.5,8.7,2.9,15.4,9.5,5.8,7,17.2,14.7,48.7,53.3,6.3,13.6,
Sayedpur,8,22.3,12.1,10.3,7.5,11,7.3,13.4,13.4,30.3,24.1,22.1,3.8,10.6,4.6,4.1,11.9,6.8,14.8,6.3,8.9,23.4,13.1,4.3,19.4,27.8,15.8,39.3,53.9,11.1,2.7,
Khulna,8,7.7,8.4,10,11,7.7,8,7.3,9.8,9.8,10.2,7,9.2,5.7,11.6,5.7,7.1,4.8,5.7,8.2,2.2,5.2,4.4,9.3,5.5,10.4,25.6,13.7,7.6,9,6.7,
Mongla,8,4,19,7.3,11.8,6.5,8.9,19.1,15,9.4,23.5,22.8,4.1,6.4,4.4,2.2,10,12.4,10.2,7.5,6.7,12.1,22.4,7.8,4.4,5.5,27.9,8.6,3.5,5.2,4.4,
Satkhira,8,9.7,8.6,7.6,7.4,8.7,11.8,4.9,10,8,7.7,11.1,13.1,11.1,6.1,5.6,5.8,5.8,9.8,13.4,5.7,6.5,5.3,6.2,7.5,12.3,18.9,23,13.5,8.6,6.6,
Jessore,8,7.2,8.5,8.8,7.8,7.7,8.8,6.1,7.1,6.4,7.3,9.1,6.8,4.5,5.1,4.9,6.5,5.1,17.1,9.7,8.7,5,4.8,7.6,9.2,7,16.6,12,7.1,10,4.4,
Chuadanga,8,21.5,10.8,7.3,5.9,13.1,7.1,5,5.9,14.4,13.3,9.9,16.8,10.7,5.7,11.8,5.3,5.6,14.8,11.7,11.5,6.3,10.8,3.5,14.4,7.9,15.3,11.8,6.7,9.8,2.4,
Barisal,8,7.9,9.9,9.9,12.7,7.9,6.1,5.8,7.2,12.8,11.1,9.1,6.4,7.7,7.8,5.3,13.2,4.5,4.3,3.4,7.2,8.3,8.5,6,5.4,10.2,17.5,15.2,11.2,11.5,5.1,
Patuakhali,8,18.3,12,12.2,12,12.4,10.2,12.2,11.8,15.6,13.2,18.4,11.7,7.4,12.5,8.8,12.1,8,3.8,6.8,5.3,11.9,12.2,9,12.8,19,27.7,14.7,29,12.8,7.2,
Khepupara,8,17.9,16.2,18.7,18.4,15.1,13.7,10.2,9.8,12,22.1,17.1,10.2,8.9,9.9,5.3,10.8,4.8,3.9,4.1,6.3,5.6,5.2,11,11,18.5,22.2,16.4,12,6.9,13.5,
Bhola,8,10.4,11.9,13.7,10.6,9.1,8.1,9.4,9.3,12.7,6.1,12.4,8.6,8.9,13.6,9.1,8.5,8.1,4.1,8.3,2.8,5.8,4.1,6.4,5.7,13.7,15.7,6.7,5.9,7.1,7.4,
Dhaka,10,5.8,5.9,10,2.7,10.6,15.5,5.2,10.1,6.8,3.8,1.6,3,5.5,7.1,4.3,4.9,6.2,9.8,11.2,10.8,5.6,0.6,1.7,1.1,0,1.4,2.8,10.9,2.6,2.3,2.3
Mymensingh,10,5.1,18.1,5.5,11.8,10.5,9.2,13.2,11.3,8.8,4,4.6,2.4,12.2,17.5,2.6,8.6,3.8,8.1,10.5,8.7,0.8,0.8,0.4,0.2,0.1,0.1,0.2,8.4,1,0.6,1.5
Tangail,10,3.1,2.8,2.1,8.6,6.9,2.9,9.6,11,4.5,0.9,0.3,4.4,12.4,9.1,2.6,3.3,11.4,8.6,2.5,3.5,5.7,0.1,0,0,0,0,3,16.6,0.2,1.8,1.7
Faridpur,10,6.4,7.3,6,4.6,11.3,8.1,7.3,8,4,8.7,2.2,4.5,7.3,4,3.6,2.8,15.4,6.3,9.5,4.1,3,2.2,1.9,1.3,0.8,0,3.6,7.4,1.4,1.3,2
Madaripur,10,3.3,4.3,6.2,7.1,3.4,10,6,4.6,5.2,3.4,0.9,10.2,6.6,7.5,3.7,6.9,7,7.4,5.3,10.8,3.6,1.6,0,0.1,0.3,1.4,7.6,6.1,2.6,4.3,2.2
Chittagong,10,15.5,5.3,10.7,6.3,5.9,11.8,8.5,6.4,12,5.5,5.5,4.1,3.2,5.3,7.7,8.4,6.3,7.2,7.6,7.8,5.2,3.2,1.5,1.4,4,0.5,2.1,2.8,5.9,2.9,4.2
Sandwip,10,6.4,6.4,11,7.2,10.4,13.9,10.2,18.1,16.9,6.7,6.6,5.2,6,6.5,5.7,4.4,7.5,14.9,11,13.7,3.2,0.3,1.7,0.6,0.4,1.3,5.2,4.6,6.8,3.6,3.3
Sitakunda,10,11.8,9.4,8.2,8.2,8.3,17.8,8.2,33,29.1,5.9,5.1,7.7,10.3,8,4.3,7.6,4.4,7.8,10.5,6.7,1.5,0.6,0.5,0.3,0.2,0.6,3.1,5.3,7.5,3.3,5.4
Rangamati,10,10.3,7.8,9.7,4.5,6.9,12.2,7.5,7.1,8.5,5.4,4.7,3.5,4.2,4.5,4.1,7.1,3.5,7.2,3.1,7.1,2.5,0.5,1.1,0.4,4.4,2.4,1.1,1.2,2.2,2.8,4.7
Comilla,10,3.1,11.3,8.6,4,6.1,8.8,5.9,13.1,10.3,4.3,3.1,2.8,6.9,7.1,4.1,1.1,2.3,8.7,3,4.2,2.7,0.4,0.5,0.5,1,1.2,3.6,4,4.8,1.7,2.6
Chandpur,10,4.2,2.6,4.7,4.6,5.6,9.2,10.2,9.7,7.9,4.4,0.9,3.4,6.7,4.4,1.4,1.3,4.9,9.5,2.3,6.2,1.6,1.9,0,0.3,0,0.7,4.4,7.4,1.1,2.6,0.7
M_Court,10,5.6,10.6,1.9,2.5,2.9,5.9,10.7,18.7,11.6,6.4,6.5,8.9,14.7,5.3,1.5,4,3.9,8.5,7.3,2.7,1.7,0.9,2.6,0.3,0.4,4.1,4.2,5,4.7,3.9,2.1
Feni,10,5.3,10.3,4.3,3.5,5.7,6.5,13,15.5,26,11,7.3,4,12,10.9,3,2.9,3.2,16.4,3.8,5.1,4.9,0.6,3.1,0.4,0.3,3.8,3.3,4,5.3,2.7,2.2
Hatiya,10,9.6,17.3,10.3,6,6.6,13.3,13,14.2,12.1,7.6,4.1,7.2,9.2,8.8,8,2,5.1,12.2,8.5,13.2,1.6,0.1,0.6,1,1.4,2,4.3,0.7,8.2,1,1.9
Cox's_Bazar,10,11.7,6.1,6.9,1.9,9.6,20,12.5,15.3,21.8,6.9,6.3,1.2,6.9,5.1,7.9,2,4.2,6.3,7.8,8.4,6.7,0.4,2.2,2.9,5.3,5.3,2.9,3.2,4.9,6.2,4.9
Kutubdia,10,9.4,4.9,5.9,2.5,9.9,5.9,6.7,12,8.8,4.5,1.3,3.1,11.7,7.4,5.4,0.8,3.1,9.5,6.8,2.8,2.4,0.9,0.9,0.3,1.3,11,4.4,3.5,9.3,5.1,7.6
Teknaf,10,10.8,7.1,21.9,4.5,7.3,15.3,6.4,7.2,7.7,2.9,3.6,3.9,7.4,9,6.2,2.8,9.2,7.8,7.2,3.5,9,3,1.8,2.5,1.2,3.8,2.9,9.1,7.9,8.1,6.8
Sylhet,10,6.2,4.8,5.9,11.1,15.9,13.2,19.5,19.8,12.9,6.9,4.3,2.5,9,5.4,5.3,5.4,4,7.6,10.9,11.7,7.6,4.9,6.4,1.3,0.8,4.1,2,4.8,3.9,3.4,2.3
Srimangal,10,6,8,6.4,4.3,14,6.3,9.4,16.8,6.8,4.4,1.2,6.8,4.8,5,3.8,2.4,4.4,6.4,5.1,7.1,3.3,1.2,3.4,0.6,0.1,2.2,0.6,2.5,1,1.8,3.6
Rajshahi,10,7,7.3,9.2,3.9,4.1,4.4,8.2,2.8,7.7,3.6,1.7,7.5,5.4,2.4,1.6,1.6,3.5,2.7,1.9,6.2,0.5,2.4,2.9,0,1.2,0.2,2.1,2.2,0.2,1,1.3
Ishurdi,10,3,3.7,5.8,5.3,6,4.7,6.7,3,3.8,4.1,0.9,5.1,4.5,4.4,1.1,5.2,5.3,1.7,2.8,4.9,0.6,2,2.2,0.5,1.4,1.3,2.3,4.3,0.1,0.9,0.4
Bogra,10,7.6,5.5,9,4.3,6.8,7.9,10.9,7.5,6.2,8,2,2.2,3.8,2.6,5.5,2.1,4.6,1.5,4.6,3.9,1.7,4.1,3.1,1,1.1,0.1,1.2,4.8,0.6,1.3,1.5
Rangpur,10,7.1,7.3,6.9,4.1,5.8,4.4,10,11.2,5.7,4.9,3.1,9.8,4.5,1.4,5,2,2.1,4,16.1,5.6,2.8,2.2,1.6,0.5,0.1,0.5,0.1,1.2,0.8,0.4,1
Dinajpur,10,7.7,2.8,3.1,2.5,7,5.4,12,4,4.5,1.4,1.7,2.6,5.5,1.7,1.9,4.7,10.1,9.9,12,3,5.3,1.9,1,0.8,0,0,0.1,1,1.5,0.1,0
Sayedpur,10,2.3,4,5.8,7.6,23.3,3.8,10.2,3.3,5.4,0.2,2.3,9.9,0.3,0.5,0.3,1.3,9.4,13.1,13.2,4.4,10.4,2.1,0.1,0.7,0,0,0.2,3.8,1.2,0.1,0.7
Khulna,10,5.8,4.7,6.7,8.2,5.8,4.5,4,7.2,4.2,2.1,0.7,5.2,3.7,7.8,5.9,3.4,6,5.6,3.8,2.3,3.4,4.3,2.8,4.5,2,0.5,6.6,4.5,0.8,1.6,0.9
Mongla,10,4.3,0.6,4.3,9.2,6.4,3.7,0.7,10.8,3.1,0.7,3.4,6.8,2.7,9.3,8.6,1.5,3.4,4.2,4.8,9.9,3.2,2.2,0,0.6,1.5,5.2,15.5,12.9,1,7.5,1.9
Satkhira,10,5.2,4.6,6.1,3.9,6.3,2.4,6.1,9.1,5.6,5.9,1.7,2.7,2.9,6.2,2,5,2.6,2.6,2.9,4.1,2.1,2.9,2.4,2.3,0.7,0.2,8.3,6,4.1,3.1,0.5
Jessore,10,3.8,4.9,8.5,5.3,6.3,3,2.5,7,6.3,5,1.4,2.5,7.7,4.3,2,6.2,2.5,2,1.5,5.8,1.2,1.2,2.7,1,0.2,0.8,5.3,5.6,0.5,1,0
Chuadanga,10,5.1,3,3.8,7.3,8.6,4.3,2.9,5.9,2.2,5.5,0.5,3.5,7.5,1.2,0.4,1,4.2,2.4,1.2,3.9,0.4,0.7,0,0,0,0.1,6.8,13.1,0.1,5.9,0
Barisal,10,7.7,7.7,11.2,3.6,5,6.7,3.2,10.8,6.3,7.4,1.1,4.4,9,4,3.2,7.3,11.2,8.2,5,4.8,3.5,0.4,1,1.9,1.1,3,6.4,4.9,3.5,3,2.1
Patuakhali,10,10.9,8.3,5.8,4.1,7.3,6.3,8.8,15.7,7.1,3.4,1.2,10,5,4.2,4.8,5.5,3.2,5.8,3.1,7,4.5,2.4,2.2,2.3,2.3,1.8,7.2,3.7,5.4,3.9,0.7
Khepupara,10,10.5,6.5,7.9,5.3,7.6,6.3,8.7,16,15.5,5.5,3,9.5,10.7,8.9,4,9.8,12,12.9,9.1,8.7,6.9,1.3,1.6,2.5,4.3,5.8,10.4,5.1,4.5,5.5,1.8
Bhola,10,6.8,6,6.2,4.7,2.6,6,9.5,13.9,6.5,4,1,6.6,7.2,6.5,2.8,3.7,9.6,10.6,4.7,9.4,1.6,1.6,2.1,0.8,1.1,2.5,7.3,0,4.9,3.7,1.6
Dhaka,11,0.9,1.2,0.6,1.6,1.4,0.1,0.8,2.6,6.3,2.2,2.9,0,0,0,0.2,0.4,0.2,0.1,0,0.1,0.3,2.3,0.4,0.3,0.3,0.2,0,0.8,6.4,1.9,
Mymensingh,11,0.1,0,0.4,0.3,1.1,0.7,0,0.3,4.6,1.8,0.1,0,0.1,0,0.5,0,0,0,0,0.3,0,0.8,0.1,0,0.3,0,0.5,2.5,2.2,0.9,
Tangail,11,0.5,2.5,0.9,1.1,0,0.6,0,0,4,1.7,0.1,0,0.4,1.1,1.7,0,0,0,0,0.1,0.1,2.3,0.5,0.7,0,0,0.6,2.8,5.3,2.7,
Faridpur,11,0.2,0.1,0.4,1,0.5,0.2,1.7,3.4,4.5,2.1,3,0,1.8,0.1,1.6,0.3,0.1,0.1,0,0.2,0.3,2.4,0.4,0.1,0.1,0,0,1.5,4.6,1.4,
Madaripur,11,0,0.9,1.9,2.8,1.5,2.2,0.5,0.3,3.4,1.7,1.4,0,0.2,1.4,1,0,0,0,0,0,1.3,3.6,0.2,0.2,1.9,0,0,1.3,4.4,0.1,
Chittagong,11,4.1,0.8,2.8,2.4,2.6,4.7,0.5,4.5,4.8,4.9,2.5,0.1,0.6,1.3,0.1,0.7,1.3,4.8,2.5,0,0,2.4,0.9,1,1.8,1.7,8.5,1.1,3.2,0.8,
Sandwip,11,4.6,1,0.6,1.3,4.4,9,1.6,5.9,4.8,2.1,2.3,0.2,0.7,1.1,1.1,0.1,2.1,0.8,0.4,2.7,0.6,3.9,0.4,0.3,2.6,2.2,3.5,1.9,1.1,0.9,
Sitakunda,11,1.9,0.1,0.8,1.3,0,2.9,0.6,4.5,5.9,3.6,3.4,0.2,0.3,1.1,5.3,0.8,1.8,0.7,1.9,0.2,0,4,2.3,0.9,3.3,0,1.4,1.5,3.2,0.5,
Rangamati,11,2.3,1.1,1.8,1.4,3.3,4.7,1.2,3.7,6,2.3,1.1,0.1,0.2,1.1,2.6,1.4,1,1.5,1.7,2.3,0.6,0.5,0.2,0.8,2.8,0.5,4.9,1.7,1.5,1.5,
Comilla,11,1,0.8,2.5,0.8,3,1.3,1.9,3.5,5.9,2.2,1.6,0.1,0.1,0.1,1.8,0.7,3.1,0.2,0.1,0.3,0.2,3.8,0.2,0.4,2.3,0.2,0.8,1.2,1.6,0.2,
Chandpur,11,0,0.1,0.6,1.7,0.1,1.6,0.1,7.8,6.5,3.4,2.3,0,0,0.7,0.4,0,0,0.2,0,0.1,4.7,5.3,0.4,0.1,0.2,0,0.5,0.9,1.8,0.3,
M_Court,11,3.4,1.9,1.5,1.7,4.6,1.7,2.3,5.8,6.2,4,0.7,0,0.1,0.3,0.8,1.9,0.6,1.2,2.6,0,1.1,5.4,0.1,0.6,1.9,0.3,2.6,3.4,1,1,
Feni,11,1.3,4,0.9,2.5,2.2,2.3,0.5,1.2,6.3,2.7,1.6,0.5,0,0.7,1.5,1,2,0.3,0.3,0.6,0.8,6.4,0.4,0.4,2.5,0.4,2.9,4.7,1.6,0.6,
Hatiya,11,0.6,1.3,2.3,1.6,5.3,3,3.5,11,3.5,3.7,3.8,0.3,0.5,0.8,0.6,3,2.5,0.4,0.9,0.2,0,0,0.4,0,1.7,1.5,4,3.3,1.7,1.4,
Cox's_Bazar,11,1,2.2,2.6,6.3,3.8,4.7,1.8,5.3,9.2,11.6,6.5,3.1,2.5,1.7,1.7,0.8,5.7,5.4,8,0.4,0,1.7,1.4,1.7,2.8,1.9,6.4,4,2.4,2.9,
Kutubdia,11,1.1,7.3,4.4,3.7,0.5,0.8,1.5,3.1,4.3,9.9,2.7,0,2.8,1.4,1.8,2.2,3,5.9,0.8,0.7,0,2.8,1.1,1.7,3.1,0,0.2,0.4,4.2,0.5,
Teknaf,11,2.5,0.9,1.2,1.4,0.7,1.4,3.3,6.2,7.4,2.5,2.9,2.1,2.3,3.6,0.1,2.5,1.1,6,10.8,1.6,1.1,2.9,0.4,2.3,2.9,0.1,1.2,0.3,0.9,3.1,
Sylhet,11,0.1,0,0,0.7,3.4,1.7,0,0.5,4,3.4,2.8,0,0,0,1.3,0,0,0,0,0,0.1,0.7,0.4,0.1,1,1.7,0.9,2.7,1,3.6,
Srimangal,11,1.1,0.3,0.5,1.2,5.6,2,0,2.7,5,2.1,1.8,0.8,0.1,0,1.5,0.1,2.6,0.1,0,0.1,0.4,2.4,0.3,0.1,0.3,0.4,0.9,0.6,4.4,2.7,
Rajshahi,11,1.7,0.8,2.2,0.1,0.5,0,0,0.7,1.7,3,0.1,0,2.2,0.1,0.1,0.1,0,0,0,0,0,0.2,0.2,0,0,0,0,0.6,1.2,0.9,
Ishurdi,11,0.5,0,1.7,0.2,0,0,0,1.3,2.4,4.3,0.4,0,0.5,0,0.1,0,0,0.1,0,0,0,0.7,0.2,0.3,0.2,0,0.2,1.1,2.6,0.4,
Bogra,11,0.1,0.1,0.1,0.9,1,0.6,0.1,0.8,1.9,1.3,0.1,0,0,0.6,0,0.1,0.1,0,0,0,0,0.2,0.2,0.1,0.1,0,0.3,1,2.8,0.5,
Rangpur,11,0.7,0.8,0.5,0,0.2,0,0,0,2.5,2,0.8,0,0,0,0.1,0,0,0.4,0,0,0,0,0.1,0,0,0,0,0.3,1,1,
Dinajpur,11,0.3,0.2,0.5,0,0,0,0,0,2.7,2,0,0,0,0.2,0.1,0,0,0,0,0,0,0,0.3,0,0,0,0,0.1,0.5,0,
Sayedpur,11,0.5,0.2,3.1,0.3,0,0,0,0,4.2,2.6,0.1,0.5,0.1,0,0,0,0,0,0.1,0,0,0,0.2,0,0,0,0,0,0,0,
Khulna,11,0,0.5,1.1,1.2,0.1,1,0.8,4.8,5.8,1.1,0.7,0.1,0.2,0.3,1.4,0,0,0.1,0.5,0.1,1.8,3.3,0,0.4,0.1,0.4,0.1,1.3,3.8,1.1,
Mongla,11,1.4,0,2.5,0,0,0.1,0,2.3,16.5,2.6,0,0,0,0,0,0,0.1,0.1,0,0,3.7,16.8,0,1.2,0.2,0,0,0.5,0,0,
Satkhira,11,0.2,0.4,0.8,0.8,0,0.3,1.3,6.6,4.1,1.7,0.4,0,0.1,1,0.1,1,1.8,0,0,0.1,1.8,3.2,0.1,0.2,0.1,0.1,0,0.8,3,1,
Jessore,11,0.1,0,0.3,3.3,0.3,0,1.5,4.5,3.6,2.4,2.1,0,0.3,0,0.1,0.5,0.6,0,0,0,0.4,2.2,0.1,0.6,0.4,0.1,0,1.8,2.6,1.1,
Chuadanga,11,0.5,0,0.3,0.6,0,0,0,0.1,6.2,2.3,4.4,0,0.3,0.3,0,0,0.4,0,0,0,0.5,3.7,0.1,1,0,0.2,0,0,0,0.3,
Barisal,11,0.7,1,1.3,1,2.6,0.8,2.5,8.4,5.7,2.7,1.3,0,0.4,0.2,0.8,0.9,1.3,1.7,0.1,0.4,1,8.8,0.1,0.4,1.1,0.9,0.4,1.6,2.6,1.8,
Patuakhali,11,0.2,4.6,5.6,0.3,0.3,2.5,6,11.3,4.8,4.6,0.6,0.3,0,1.1,2.6,2.7,1.7,0.1,2.3,0.2,1.2,3.2,0.2,1,1.8,0,0,6.6,3.9,2,
Khepupara,11,1.9,3.5,2,0.3,0.7,1.1,0.2,11.6,6,2.5,1.3,0.4,0.5,0.7,0.1,9,0.6,1,0.4,0.5,0.7,1.8,0.3,2,3.4,0,0.3,4.2,1.3,0.1,
Bhola,11,0.2,1.6,2,1,0.9,0.9,2.7,7.4,4,3.2,2.3,0,0,0.1,0.5,1.4,3.4,0.2,0.1,0.2,0.6,5.9,0.1,0.7,3.4,1,2.1,3.6,2.3,0.2,
Dhaka,12,0,0,0,0,0,0,0,1.6,1.9,1.6,0,0.1,1.1,0,0,0,0.2,0,0,0,0,0,0,1.2,1.4,2.2,0.1,0.7,0.6,0,0
Mymensingh,12,0,0,0,0,0,0,0,0,0.4,3,0.4,0,0.2,0.3,0,0,0,0,0,0,0,0,0.2,1.5,1,0.7,0.6,0.1,0.1,0,0
Tangail,12,0.5,0,0,0,0,0,0,0,0.4,1.6,0,0.9,1.1,0,0,0,0.1,0.1,0,0,0,0,0.2,2.6,3.6,0.7,0,0,0,0,0.4
Faridpur,12,0.2,0,0,0,0,0,0,0.6,1.5,3.4,0,0.2,0.6,0,0,0,0.1,0,0,0,0,0,0.1,1.3,1.7,1.2,0,0.2,0,0,0
Madaripur,12,0,0,0,0,0,0,0,0,0.2,0.6,0,0,0.5,1,0,0,0.2,0.2,0,0,0,0,0,0.9,0.6,0.5,0,0.1,0.3,0,0.1
Chittagong,12,1.7,0.1,0,0.4,0,0,0.6,0.5,1.2,2.4,0.7,0,0.6,0.1,0,0,0.1,1.1,0,0,0,0,0,0,0,0.9,1.3,0.1,0,0,0
Sandwip,12,0.9,0.1,0,0,0,0,0.1,0.8,1.8,1.3,0.1,0,0.8,0.4,0,0.5,0,1.7,0,0,0,0,0,0,0,0.6,0.4,0,0,0,0
Sitakunda,12,0.3,0,0,0,0,0,0,0,0.8,1.8,0.8,0,0.4,0.2,0,0,0.1,2,0,0,0,0,0,0,0,0.6,0,0.8,0,0,0
Rangamati,12,0.7,0,0.1,0,0,0,0,0.1,1.2,2,1,0,0.5,0.2,0,0,0.1,1.7,0,0,0,0,0,0,1.2,0.5,0,0.2,0,0,0
Comilla,12,0,0,0,0,0.2,0,0.4,0,0.2,1.4,0,0,0.6,0.1,0,0,0.1,0.9,0,0,0,0,0,3.5,0.1,0.8,0.3,0.1,0.1,0,0
Chandpur,12,0,0,0,0,0,0,0.2,0,0.2,2.4,0,0,0.4,0.3,0,0,0.2,0.6,0,0,0,0,0,0.7,0.1,1.6,0,0,0,0,0
M_Court,12,0.1,0.1,0.1,0,0,0,0.5,1.2,2.6,0.5,0,0,0.6,0.1,0,0,0,1.9,0,0,0,0,0,0.4,0.1,0.5,0,0,0,0,0
Feni,12,0,0,0.2,0,0,0,0.1,1,2.1,1.3,0.4,0,0.5,0.8,0,0,0,2.2,0,0,0,0,0,0.1,0,1,0,0,0,0,0.2
Hatiya,12,1.1,0.3,0,0,0,0,0,2,1,0.9,0.1,0,0.4,0,0,0,0.1,3.4,0,0,0,0,0,0.4,0,1.9,0,0.5,0,0,0.2
Cox's_Bazar,12,0.2,0,0.9,0,0,0,0.5,0.2,1.5,2.1,1.3,0,0.3,0.3,0.1,0.3,0.4,0.3,0,0,0,0,0,0.1,0.1,1.9,1.5,0,1.1,0,0
Kutubdia,12,1.7,0.1,0,0,0,0.1,0.1,0,1.4,1.6,1.5,0.2,0.3,0.2,0,0,0.3,1.8,0,0,0,0,0.1,0,0,0,0,0,0,0,0
Teknaf,12,0.2,0.2,0,0,0,0,0,0,0.5,0.8,1.8,0,0,0.2,0,0.3,0.3,0.2,0,0,0,0,0,0,0,0,1.3,0,0,0,0
Sylhet,12,0.3,0,0,0,0,0.3,0,0,0.1,0.8,0.7,0,0.5,1.8,0,0,0.1,0,0,0,0,0,0.1,1.6,1,0.8,0.4,0.9,0,0,0
Srimangal,12,0,0,0,0,0,0,0,1.3,0.4,0.7,0,0,0.4,0.1,0.1,0,0,0.2,0,0,0,0,1.2,2.8,0.7,2.2,0.5,0.2,0.3,0.1,0
Rajshahi,12,0.1,0,0,0,0,0,0,0.1,1.2,2.7,0.3,0.1,0.1,0.4,0,0.1,0,0,0,0,0,0.1,0,2.1,1.2,0.9,0.9,0.3,0,0,0
Ishurdi,12,0,0,0,0.1,0,0,0,0.3,2.6,1.4,0.1,0.2,0.1,0,0,0,0,0,0,0,0,0,0.2,1.2,1.4,0.8,0.6,1.6,0.2,0,0
Bogra,12,0,0,0,0,0,0,0,0.1,1.5,2.9,0,0.3,0.4,0.1,0,0,0.1,0,0,0,0,0.1,0.1,2.4,1.1,1,0.5,0.1,0.6,0,0
Rangpur,12,0.7,0.1,0,0,0,0,0,0,0.5,1.9,0.1,0,0.2,1,0,0,0,0.1,0,0,0,0,0,0.4,1.2,1.1,0.3,0.1,0,0,0
Dinajpur,12,0.4,0.2,0,0,0,0,0,0,0.5,2.9,0,0,0.2,1.6,0,0,0,0.2,0,0,0,0.1,0,1.1,1.8,0.9,0.3,0,0,0,0
Sayedpur,12,0,1.1,0,0,0,0,0,0,0.9,1.7,0,0,0,0,0,0,0,0,0,0,0,0,0.1,1.2,1.7,0,0,0,0,0,0
Khulna,12,0,0,0,0,0,0,0,0.1,0.3,2.6,0,0,0.4,0.4,0,0,0.1,0.1,0.1,0,0,0,0.1,0.5,1.2,0.4,0.1,0.2,0.2,0,0
Mongla,12,0,0,0,0,0,0,0,0,0.6,0.7,0,0,0.1,0,0,0,0,0,0,0,0,0,0.1,0,0,0.1,0,0,0,0,0
Satkhira,12,0,0,0,0,0,0,0.1,3.1,1.9,3.4,0,0,0.1,0.1,0,0,0.2,0.1,0.1,0,0,0,0.2,0,1.1,0.2,0,0.3,0.3,0,0
Jessore,12,0,0,0,0,0,0,0,1.9,2.3,5,0.1,0,0.4,0,0,0,0.4,0,0.3,0,0,0,0.1,1.4,1.6,0.7,0.8,0.9,0,0,0
Chuadanga,12,0,0,0,0,0,0,0,0,0.8,0.9,0,0,0,0,0,0,0,0,0,0,0,0,0.4,5.9,4.3,0.7,0,0,0,0,0
Barisal,12,0,0,0,0,0,0,0,2.9,3.6,1.3,0,0,0,0.1,0,0,0,1,0,0.8,0,0,0.1,0.4,0.8,0.3,0,0,0,0,1.2
Patuakhali,12,0,0,0,0,0,0,0.5,1.5,1,0.1,0,0,0.2,0.1,0,0,0,1.1,0,0.1,0,0,0,0.6,0.1,1.9,0,0,0,0,0
Khepupara,12,0.2,0,0,0,0,0,0,0,0.3,0.4,0,0,0.7,0.2,0.2,0,0.3,1.3,0,0,0,0,0,0.8,0.1,2.1,0.5,0,0,0,0
Bhola,12,0,0,0,0,0,0,0,2.4,3.1,1.1,0,0,1,0.6,0,0,0,1.2,0,0,0,0,0,0.4,0.3,0.4,0,0,0,0,0
Dhaka,9,8.4,11.4,15.4,10.6,9.7,7.6,12,8.2,13.1,16.1,7,5.8,6.3,5.1,9.7,15.8,13.1,5.8,4.2,7.7,11,11.5,12.8,7.7,8.7,16.2,13.6,11,10,4.9,
Mymensingh,9,10.6,8.1,11.7,8.9,13.4,10.8,7.9,5.8,8.7,8.9,9,13.3,7.9,10.1,8.8,11.8,15.8,9.7,9.1,19,3.5,5.8,9.5,7.6,17.8,32.3,18.6,14.3,8.7,7.7,
Tangail,9,4.6,30.1,2.8,8.4,17.3,5.9,4.9,7.6,4.6,8.2,11.6,10.1,5.6,8.2,4.5,15,8.8,6.9,20.3,6.7,9.1,3.7,13.9,11.6,17.9,12.4,15,11.4,5,5.8,
Faridpur,9,9.9,4.3,19.4,11,4.4,7.5,7.6,3.4,7.7,10.1,6.1,4.8,3.8,6.3,7.5,13.4,11.7,7.2,6.5,8.5,4.6,9.6,9,13.4,7,19.9,15.7,6.3,10.1,7.7,
Madaripur,9,4.2,14.2,13.2,5.1,8.3,10.2,9.2,6.4,7.7,9.2,10.5,8.1,6.4,4.2,6.6,8.3,5,4.8,8.5,8.4,3.3,2.6,8.3,7.8,11,16.2,15.8,6,14.4,2.9,
Chittagong,9,7.2,6.6,11.2,14.3,17.1,8.3,6.1,8.3,3.9,8.4,14.5,5,11.9,6.7,5.8,5.3,8.8,5.5,4.2,6.5,9,17.3,11.6,12.3,7.6,7.7,10.6,4.1,4.5,9,
Sandwip,9,13.9,13.9,20.1,13.1,24.1,20.3,15.3,11.9,9.1,11.8,20.1,9.3,7.7,6.3,4.6,14.9,14.6,4.2,10.7,9.4,8.4,11.9,20.8,11,16.7,26.7,11.7,9.5,12.1,10.8,
Sitakunda,9,9.3,10.6,13.8,18.8,23.7,7.6,9.6,10.7,6.2,15.5,15.7,9.3,4.2,10.6,5.6,7,7.5,8.1,14.5,6.6,13.8,9.9,15.4,18.2,13.9,11.5,5.8,5.1,5.3,2.3,
Rangamati,9,8.7,15.5,12.3,10.6,12.4,8,5.4,9.8,3.9,10.4,13.5,7,5,8.4,7.9,7,7,6.6,12.7,8.5,6.8,6.8,12.4,10.4,5.3,8.7,9.3,6.1,5.6,7.7,
Comilla,9,5.9,5.6,8.7,11.2,6.7,4.9,2.8,8.7,7.1,7.6,6.9,7.6,9.6,5.9,6.9,7.7,6.4,10.7,8.9,4.7,8.4,9.1,5,11,3.9,11.3,14.3,3.7,5,10.7,
Chandpur,9,6.3,15.7,8.7,9.5,8.2,6.8,4.9,8.2,8.1,15,11.8,5.5,8.8,7.5,6.5,9.6,5.9,8.6,6.2,1.9,11,7.4,5.2,8,7.1,15.9,7.1,6.8,9.4,5.4,
M_Court,9,17.8,9.3,24.2,26.7,24.1,15.3,12.2,7.9,16.8,10.9,13.6,13.2,13.1,8.3,9.7,7,6.5,6.5,8.1,5.3,9.1,7.5,5.5,5.6,10.4,15,11.3,15.8,14.4,8,
Feni,9,8.6,14.4,10.2,14.5,20.1,16.3,10,8.8,7.1,11.5,12.8,12.5,9.9,9.5,7.3,10.5,4.5,12.2,14.3,7.2,10.2,9.7,13.1,7.4,6.9,19.8,10.7,4.7,8.4,12,
Hatiya,9,20.6,17.9,13.4,20.4,17.9,16.3,11,10.7,12,11.5,17.8,13.6,8.9,14.2,13,4,4.8,3.2,9.3,5.9,8.3,11.6,15.3,19.8,13.2,16.5,13,18.8,14.4,7.9,
Cox's_Bazar,9,21.3,12.9,15.9,25.1,29,9.6,8.9,10.5,8.8,5.6,16.7,10.5,8.7,7.6,12.1,8.8,11.4,5.7,6.5,6.8,14.8,8.4,14.7,7.5,8.2,9.9,5.1,6.7,3.7,8.8,
Kutubdia,9,10.3,23.2,13.9,10.7,16.6,10.7,7.5,4.4,3.2,6.9,16.4,9.3,8.9,5.1,4.5,11.4,14.3,6.8,4.1,3.5,13.9,6.9,14.6,17.5,7.9,13.8,5.2,2.8,3.6,21.7,
Teknaf,9,24.3,21.2,27.5,21.5,22.1,18.2,19.1,13.6,9.9,14.5,14.4,17.3,10.5,9.5,8.4,8.1,6.4,8,9.8,6.8,15.3,7.7,16.3,17.8,15,14.7,8.6,5.5,4.2,5.8,
Sylhet,9,16.4,19.9,23.8,29.7,23.4,15.4,12.2,20.9,18.6,33.3,22.3,16.1,15,15.6,11.8,19.9,14.4,23.6,13.4,8.4,11.9,10.9,13.3,10.5,28.2,27.9,18.2,19,11.9,10,
Srimangal,9,9.7,12,9.3,13,9.5,24.8,6.9,8,8.1,10.9,11.8,9.5,9.2,11.8,4.9,16.3,8,8.3,8.9,5.7,7.3,5.7,6,7.3,8.4,11.8,6.4,9,3.3,7,
Rajshahi,9,8.1,7.4,7.5,6.7,12.1,9.5,6.5,9.5,8.6,7.8,6.5,16.2,9.8,7.3,12.2,6.1,6,8.7,10.7,8,8.5,6.2,8.2,13.2,16.6,18.3,18.3,11.2,12.2,8.1,
Ishurdi,9,5.2,10.2,13,9.9,12.1,9.6,3.9,8.9,7.9,11.4,10,9.6,5.7,4.9,5.7,11.9,6.2,9.4,12.4,5.7,11,6.4,11.5,7,16.8,18.7,11.9,17.3,5.8,2.9,
Bogra,9,13,7.2,7.5,15.2,11.7,11.6,5.4,7.3,9.8,7.5,6.2,12.1,9,6.5,11.6,17.3,10.5,5.9,9.6,12.2,7.1,7.9,8.8,13.8,8.3,17.2,18.1,15.6,9.1,6.9,
Rangpur,9,13.5,9.3,11.1,16.6,12.5,13.4,6.9,7.2,13.8,18.7,15,9.4,15.9,10.8,15.6,16.1,10.5,8.8,7.4,8.1,9.9,26.4,8.9,11.1,9.6,12,29,23.5,4.5,7.8,
Dinajpur,9,12,10.9,10,13.9,8.3,9.1,5.1,11.6,16.3,10.7,7.6,6.9,11.6,4.9,7.9,12.9,15.4,5.5,8.7,2.9,15.4,9.5,5.8,7,17.2,14.7,48.7,53.3,6.3,13.6,
Sayedpur,9,22.3,12.1,10.3,7.5,11,7.3,13.4,13.4,30.3,24.1,22.1,3.8,10.6,4.6,4.1,11.9,6.8,14.8,6.3,8.9,23.4,13.1,4.3,19.4,27.8,15.8,39.3,53.9,11.1,2.7,
Khulna,9,7.7,8.4,10,11,7.7,8,7.3,9.8,9.8,10.2,7,9.2,5.7,11.6,5.7,7.1,4.8,5.7,8.2,2.2,5.2,4.4,9.3,5.5,10.4,25.6,13.7,7.6,9,6.7,
Mongla,9,4,19,7.3,11.8,6.5,8.9,19.1,15,9.4,23.5,22.8,4.1,6.4,4.4,2.2,10,12.4,10.2,7.5,6.7,12.1,22.4,7.8,4.4,5.5,27.9,8.6,3.5,5.2,4.4,
Satkhira,9,9.7,8.6,7.6,7.4,8.7,11.8,4.9,10,8,7.7,11.1,13.1,11.1,6.1,5.6,5.8,5.8,9.8,13.4,5.7,6.5,5.3,6.2,7.5,12.3,18.9,23,13.5,8.6,6.6,
Jessore,9,7.2,8.5,8.8,7.8,7.7,8.8,6.1,7.1,6.4,7.3,9.1,6.8,4.5,5.1,4.9,6.5,5.1,17.1,9.7,8.7,5,4.8,7.6,9.2,7,16.6,12,7.1,10,4.4,
Chuadanga,9,21.5,10.8,7.3,5.9,13.1,7.1,5,5.9,14.4,13.3,9.9,16.8,10.7,5.7,11.8,5.3,5.6,14.8,11.7,11.5,6.3,10.8,3.5,14.4,7.9,15.3,11.8,6.7,9.8,2.4,
Barisal,9,7.9,9.9,9.9,12.7,7.9,6.1,5.8,7.2,12.8,11.1,9.1,6.4,7.7,7.8,5.3,13.2,4.5,4.3,3.4,7.2,8.3,8.5,6,5.4,10.2,17.5,15.2,11.2,11.5,5.1,
Patuakhali,9,18.3,12,12.2,12,12.4,10.2,12.2,11.8,15.6,13.2,18.4,11.7,7.4,12.5,8.8,12.1,8,3.8,6.8,5.3,11.9,12.2,9,12.8,19,27.7,14.7,29,12.8,7.2,
Khepupara,9,17.9,16.2,18.7,18.4,15.1,13.7,10.2,9.8,12,22.1,17.1,10.2,8.9,9.9,5.3,10.8,4.8,3.9,4.1,6.3,5.6,5.2,11,11,18.5,22.2,16.4,12,6.9,13.5,
Bhola,9,10.4,11.9,13.7,10.6,9.1,8.1,9.4,9.3,12.7,6.1,12.4,8.6,8.9,13.6,9.1,8.5,8.1,4.1,8.3,2.8,5.8,4.1,6.4,5.7,13.7,15.7,6.7,5.9,7.1,7.4,