"","year","month","day","districts","no.of.dist","District","Count","X","X.1","X.2","X.3","X.4","X.5","X.6","X.7","X.8"
"1",2025,1,1,"Narayanganj, Faridpur, Naogaon, Pabna, Satkhira, Mymensingh, Dinajpur, Rajshahi",8,"Bagerhat",3,"Narayanganj","Faridpur","Naogaon","Pabna","Satkhira","Mymensingh","Dinajpur","Rajshahi",""
"2",2025,1,2,"Chuadanga,Khagrachhari ,Cox’s Bazar,Barishal,Chattogram,Munshiganj",6,"Bandarban",2,"Chuadanga","Khagrachhari","Cox’s","Bazar","Barishal","Chattogram","Munshiganj","",""
"3",2025,1,3,"Munshiganj, Narayanganj, Bogura, Gaibandha, Sunamganj, Chattogram ",6,"Barguna",5,"Munshiganj","Narayanganj","Bogura","Gaibandha","Sunamganj","Chattogram","","",""
"4",2025,1,4,"Dhaka, Patuakhali, Noakhali ",3,"Barishal",11,"Dhaka","Patuakhali","Noakhali","","","","","",""
"5",2025,1,5,"Gazipur, Sylhet, Natore ",3,"Bazar",12,"Gazipur","Sylhet","Natore","","","","","",""
"6",2025,1,6,"Natore, Munshiganj, Mymensingh, Sunamganj ",4,"Bhola",2,"Natore","Munshiganj","Mymensingh","Sunamganj","","","","",""
"7",2025,1,7,"Gazipur, Munshiganj, Noakhali, Dhaka ",4,"Bogura",24,"Gazipur","Munshiganj","Noakhali","Dhaka","","","","",""
"8",2025,1,8,"Meherpur, Gaibandha ",2,"Brahmanbaria",10,"Meherpur","Gaibandha","","","","","","",""
"9",2025,1,9,"Chattogram, Cox’s Bazar, ",3,"Chandpur",1,"Chattogram","Cox’s","Bazar","","","","","",""
"10",2025,1,10,"Gopalganj, Madaripur, Chattogram ",3,"Chattogram",26,"Gopalganj","Madaripur","Chattogram","","","","","",""
"11",2025,1,11,"Habiganj, Lakshmipur, Natore, Kushtia, Munshiganj ",5,"Chuadanga",7,"Habiganj","Lakshmipur","Natore","Kushtia","Munshiganj","","","",""
"12",2025,1,12,"Faridpur, Natore, Netrokona, Rajbari, Chandpur ",5,"Cox’s",12,"Faridpur","Natore","Netrokona","Rajbari","Chandpur","","","",""
"13",2025,1,13,"Narayanganj, Bogura, Khagrachhari, Lakshmipur ",4,"Cumilla",7,"Narayanganj","Bogura","Khagrachhari","Lakshmipur","","","","",""
"14",2025,1,14,"Khulna, Manikganj, Bogura ",3,"Dhaka",7,"Khulna","Manikganj","Bogura","","","","","",""
"15",2025,1,15,NA,1,"Dinajpur",10,NA,"","","","","","","",""
"16",2025,1,16,"Bagerhat, Jhenaidah, Moulvibazar, Jhalakathi, Bogura, Lakshmipur ",6,"Faridpur",7,"Bagerhat","Jhenaidah","Moulvibazar","Jhalakathi","Bogura","Lakshmipur","","",""
"17",2025,1,17,"Chattogram, Gopalganj, Tangail, ",4,"Feni",3,"Chattogram","Gopalganj","Tangail","","","","","",""
"18",2025,1,18,NA,1,"Gaibandha",5,NA,"","","","","","","",""
"19",2025,1,19,"Gazipur, Narayanganj, Narsingdi, Khulna, Faridpur Jhalakathi ",5,"Gazipur",9,"Gazipur","Narayanganj","Narsingdi","Khulna","Faridpur","Jhalakathi","","",""
"20",2025,1,20,"Lakshmipur, Jashore, Mymensingh, Brahmanbaria, Cumilla, Munshiganj ",6,"Gopalganj",4,"Lakshmipur","Jashore","Mymensingh","Brahmanbaria","Cumilla","Munshiganj","","",""
"21",2025,1,21,"Natore, Kurigram, Mymensingh, Bogura ",4,"Habiganj",2,"Natore","Kurigram","Mymensingh","Bogura","","","","",""
"22",2025,1,22,"Netrokona, Sunamganj, Sylhet, Rangpur, Barishal, Khulna ",6,"Jamalpur",7,"Netrokona","Sunamganj","Sylhet","Rangpur","Barishal","Khulna","","",""
"23",2025,1,23,"Sylhet, Jashore, Mymensingh ",3,"Jashore",8,"Sylhet","Jashore","Mymensingh","","","","","",""
"24",2025,1,24,"Rajbari, Nilphamari, Natore, Jashore ",4,"Jhalakathi",5,"Rajbari","Nilphamari","Natore","Jashore","","","","",""
"25",2025,1,25,"Narayanganj, Sylhet, Jashore, Nilphamari ",4,"Jhenaidah",5,"Narayanganj","Sylhet","Jashore","Nilphamari","","","","",""
"26",2025,1,26,"Satkhira, Noagaon ",2,"Joypurhat",2,"Satkhira","Noagaon","","","","","","",""
"27",2025,1,27,"Noakhali, Satkhira, Kishoreganj, Chattogram, Rangpur ",5,"Khagrachhari",2,"Noakhali","Satkhira","Kishoreganj","Chattogram","Rangpur","","","",""
"28",2025,1,28,"Mymensingh, Bogura ",2,"Khulna",6,"Mymensingh","Bogura","","","","","","",""
"29",2025,1,29,"Rangpur, Dinajpur, Nilphamari, Satkhira, Barishal ",5,"Kishoreganj",8,"Rangpur","Dinajpur","Nilphamari","Satkhira","Barishal","","","",""
"30",2025,1,30,"Jamalpur, Noakhali, Munshiganj ",3,"Kurigram",4,"Jamalpur","Noakhali","Munshiganj","","","","","",""
"31",2025,1,31,"Mymensingh, Rangpur, Kushtia ",3,"Kushtia",14,"Mymensingh","Rangpur","Kushtia","","","","","",""
"32",2025,2,1,"Sirajganj, Khulna, Chattogram, Lalmonirhat, Noagaon, Bagerhat, Rangpur ",7,"Lakshmipur",6,"Sirajganj","Khulna","Chattogram","Lalmonirhat","Noagaon","Bagerhat","Rangpur","",""
"33",2025,2,2,"Sylhet, Brahmanbaria, Bandarban, Feni, Meherpur ",5,"Lalmonirhat",3,"Sylhet","Brahmanbaria","Bandarban","Feni","Meherpur","","","",""
"34",2025,2,3,"Bogura, Narayanganj, Madaripur, Chattogram, Rangamati, Barishal, Rajshahi ",7,"Madaripur",7,"Bogura","Narayanganj","Madaripur","Chattogram","Rangamati","Barishal","Rajshahi","",""
"35",2025,2,4,"Kishoreganj, Noakhali ",2,"Magura",1,"Kishoreganj","Noakhali","","","","","","",""
"36",2025,2,5,"Gazipur, Narayanganj, Pirojpur, Mymensingh, Munshiganj ",5,"Manikganj",3,"Gazipur","Narayanganj","Pirojpur","Mymensingh","Munshiganj","","","",""
"37",2025,2,6,"Jamalpur, Jhalakathi, Bogura ",3,"Meherpur",4,"Jamalpur","Jhalakathi","Bogura","","","","","",""
"38",2025,2,7,"Narayanganj, Sylhet, Satkhira, Tangail ",4,"Moulvibazar",5,"Narayanganj","Sylhet","Satkhira","Tangail","","","","",""
"39",2025,2,8,"Sunamganj, Chattogram ",2,"Munshiganj",15,"Sunamganj","Chattogram","","","","","","",""
"40",2025,2,9,"Chuadanga, Nilphamari, Cox’s Bazar, Kushtia, Kishoreganj ",5,"Mymensingh",21,"Chuadanga","Nilphamari","Cox’s","Bazar","Kushtia","Kishoreganj","","",""
"41",2025,2,10,NA,1,NA,9,NA,"","","","","","","",""
"42",2025,2,11,"Noakhali, Barguna, Khulna, Pabna, Brahmanbaria, Natore ",6,"Naogaon",1,"Noakhali","Barguna","Khulna","Pabna","Brahmanbaria","Natore","","",""
"43",2025,2,12,"Bogura, Chuadanga, Rangpur, Cumilla, Dhaka, Pabna, Chattogram, Rajbari ",8,"Narayanganj",12,"Bogura","Chuadanga","Rangpur","Cumilla","Dhaka","Pabna","Chattogram","Rajbari",""
"44",2025,2,13,"Munshiganj, Mymensingh ",2,"Narsingdi",3,"Munshiganj","Mymensingh","","","","","","",""
"45",2025,2,14,NA,1,"Natore",11,NA,"","","","","","","",""
"46",2025,2,15,"Cox’s Bazar,  Mymensingh, Noagaon, Munshiganj, Kishoreganj ",5,"Netrokona",2,"Cox’s","Bazar","Mymensingh","Noagaon","Munshiganj","Kishoreganj","","",""
"47",2025,2,16,"Gazipur, Kushtia, Gaibandha, Madaripur, Sylhet, Dhaka, Rajbari, Narayanganj, Mymensingh ",9,"Nilphamari",4,"Gazipur","Kushtia","Gaibandha","Madaripur","Sylhet","Dhaka","Rajbari","Narayanganj","Mymensingh"
"48",2025,2,17,"Feni, Dhaka, Kushtia, Munshiganj, Natore ",5,"Noagaon",7,"Feni","Dhaka","Kushtia","Munshiganj","Natore","","","",""
"49",2025,2,18,"Kishoreganj, Jashore, Cox’s Bazar, Feni, Cumilla ",5,"Noakhali",8,"Kishoreganj","Jashore","Cox’s","Bazar","Feni","Cumilla","","",""
"50",2025,2,19,"Narsingdi, Tangail, Narayanganj, Gopalganj, Chattogram, Dinajpur, Brahmanbaria ",7,"Pabna",7,"Narsingdi","Tangail","Narayanganj","Gopalganj","Chattogram","Dinajpur","Brahmanbaria","",""
"51",2025,2,20,"Kushtia, Barishal, Habiganj, Satkhira ",4,"Panchagarh",1,"Kushtia","Barishal","Habiganj","Satkhira","","","","",""
"52",2025,2,21,"Dinajpur, Manikganj, Patuakhali ",3,"Patuakhali",6,"Dinajpur","Manikganj","Patuakhali","","","","","",""
"53",2025,2,22,"Bogura, Cox’s Bazar, Jamalpur, Narsingdi, Gopalganj, Mymensingh ",6,"Pirojpur",1,"Bogura","Cox’s","Bazar","Jamalpur","Narsingdi","Gopalganj","Mymensingh","",""
"54",2025,2,23,"Sylhet, Kushtia, Sherpur, Mymensingh, Cox’s Bazar, Dinajpur ",6,"Rajbari",11,"Sylhet","Kushtia","Sherpur","Mymensingh","Cox’s","Bazar","Dinajpur","",""
"55",2025,2,24,NA,1,"Rajshahi",5,NA,"","","","","","","",""
"56",2025,2,25,"Jhenaidah, Tangail, Jamalpur, Rajbari, Kushtia ",5,"Rangamati",1,"Jhenaidah","Tangail","Jamalpur","Rajbari","Kushtia","","","",""
"57",2025,2,26,"Bandarban, Gaibandha ",2,"Rangpur",8,"Bandarban","Gaibandha","","","","","","",""
"58",2025,2,27,"Chattogram, Narayanganj, Tangail, Bogura ",4,"Satkhira",9,"Chattogram","Narayanganj","Tangail","Bogura","","","","",""
"59",2025,2,28,"Lalmonirhat, Munshiganj ",2,"Shariatpur",1,"Lalmonirhat","Munshiganj","","","","","","",""
"60",2025,3,1,"Tangail, Chattogram ",2,"Sherpur",1,"Tangail","Chattogram","","","","","","",""
"61",2025,3,2,"Munshiganj, Dinajpur, Chattogram ",3,"Sirajganj",2,"Munshiganj","Dinajpur","Chattogram","","","","","",""
"62",2025,3,3,"Rajshahi, Moulvibazar, Chattogram, Bogura, Chuadanga, Munshiganj, Lakshmipur ",7,"Sunamganj",4,"Rajshahi","Moulvibazar","Chattogram","Bogura","Chuadanga","Munshiganj","Lakshmipur","",""
"63",2025,3,4,"Natore, Tangail, Satkhira, Manikganj ",4,"Sylhet",11,"Natore","Tangail","Satkhira","Manikganj","","","","",""
"64",2025,3,5,"Moulvibazar, Barishal, Rajbari ",3,"Tangail",12,"Moulvibazar","Barishal","Rajbari","","","","","",""
"65",2025,3,6,"Jhenaidah, Bogura ",2,"Thakurgaon",1,"Jhenaidah","Bogura","","","","","","",""
"66",2025,3,7,"Kishoreganj, Joypurhat ",2,"#REF!",1,"Kishoreganj","Joypurhat","","","","","","",""
"67",2025,3,8,"Rajshahi, Jamalpur, Chattogram, Madaripur, Patuakhali, Rajbari ",6,"#VALUE!",354,"Rajshahi","Jamalpur","Chattogram","Madaripur","Patuakhali","Rajbari","","",""
"68",2025,3,9,"Bogura, Mymensingh, Cox’s Bazar, Kurigram ",4,"",0,"Bogura","Mymensingh","Cox’s","Bazar","Kurigram","","","",""
"69",2025,3,10,"Mymensingh, Tangail, Noagaon, Brahmanbaria ",4,"",0,"Mymensingh","Tangail","Noagaon","Brahmanbaria","","","","",""
"70",2025,3,11,"Noagaon ",1,"",0,"Noagaon","","","","","","","",""
"71",2025,3,12,"Noagaon, Narayanganj, Barishal, Natore, Bogura ",5,"",0,"Noagaon","Narayanganj","Barishal","Natore","Bogura","","","",""
"72",2025,3,13,"Chattogram, Mymensingh ",2,"",0,"Chattogram","Mymensingh","","","","","","",""
"73",2025,3,14,"Pabna, Cox’s Bazar, Faridpur ",3,"",0,"Pabna","Cox’s","Bazar","Faridpur","","","","",""
"74",2025,3,15,"Gazipur, Cumilla, Tangail ",3,"",0,"Gazipur","Cumilla","Tangail","","","","","",""
"75",2025,3,16,"Faridpur, Barguna, Barishal ",3,"",0,"Faridpur","Barguna","Barishal","","","","","",""
"76",2025,3,17,"Bogura, Cox’s Bazar ",2,"",0,"Bogura","Cox’s","Bazar","","","","","",""
"77",2025,3,18,NA,1,"",0,NA,"","","","","","","",""
"78",2025,3,19,"Jashore, Bhola, Kurigram,  Joypurhat, Thakurgaon ",5,"",0,"Jashore","Bhola","Kurigram","Joypurhat","Thakurgaon","","","",""
"79",2025,3,20,"Pabna, Chattogram, Cumilla ",3,"",0,"Pabna","Chattogram","Cumilla","","","","","",""
"80",2025,3,21,"Rajbari, Bogura, Cumilla, Noakhali, Bhola, Barishal",6,"",0,"Rajbari","Bogura","Cumilla","Noakhali","Bhola","Barishal","","",""
"81",2025,3,22,"Kushtia, Satkhira, Kurigram, Rangpur ",4,"",0,"Kushtia","Satkhira","Kurigram","Rangpur","","","","",""
"82",2025,3,23,"Dinajpur, Gazipur, Tangail, Bogura, Mymensingh ",5,"",0,"Dinajpur","Gazipur","Tangail","Bogura","Mymensingh","","","",""
"83",2025,3,24,NA,4,"",0,"Mymensingh","Jamalpur","Madaripur","Chattogram","","","","",""
"84",2025,3,25,"Mymensingh, Jamalpur, Madaripur, Chattogram ",1,"",0,"#REF!","","","","","","","",""
"85",2025,3,26,NA,1,"",0,NA,"","","","","","","",""
"86",2025,3,27,"Natore, Kushtia, Kishoreganj, Chattogram, Chuadanga, Jhenaidah ",6,"",0,"Natore","Kushtia","Kishoreganj","Chattogram","Chuadanga","Jhenaidah","","",""
"87",2025,3,28,"Kushtia, Munshiganj, Bogura, Panchagarh, Dinajpur, Rajbari, Jhenaidah ",7,"",0,"Kushtia","Munshiganj","Bogura","Panchagarh","Dinajpur","Rajbari","Jhenaidah","",""
"88",2025,3,29,"Lakshmipur, Barguna, Chattogram, Bogura, Gaibandha ",5,"",0,"Lakshmipur","Barguna","Chattogram","Bogura","Gaibandha","","","",""
"89",2025,3,30,NA,1,"",0,NA,"","","","","","","",""
"90",2025,3,31,NA,1,"",0,NA,"","","","","","","",""
"91",2025,4,1,"Jashore, Kushtia, Barishal, Barguna ",4,"",0,"Jashore","Kushtia","Barishal","Barguna","","","","",""
"92",2025,4,2,"Jhalakathi, Rajbari, Dhaka ",3,"",0,"Jhalakathi","Rajbari","Dhaka","","","","","",""
"93",2025,4,3,"Bogura, Chattogram, Gazipur, Brahmanbaria, Moulvibazar ",5,"",0,"Bogura","Chattogram","Gazipur","Brahmanbaria","Moulvibazar","","","",""
"94",2025,4,4,"Tangail, Chattogram, Mymensingh ",3,"",0,"Tangail","Chattogram","Mymensingh","","","","","",""
"95",2025,4,5,"Pabna, Shariatpur, Patuakhali, Meherpur, Chuadanga, Mymensingh, Dhaka, Magura ",8,"",0,"Pabna","Shariatpur","Patuakhali","Meherpur","Chuadanga","Mymensingh","Dhaka","Magura",""
"96",2025,4,6,"Sirajganj, Brahmanbaria ",2,"",0,"Sirajganj","Brahmanbaria","","","","","","",""
"97",2025,4,7,"Rajshahi, Cox’s Bazar, Rajbari, Barishal, Lalmonirhat ",5,"",0,"Rajshahi","Cox’s","Bazar","Rajbari","Barishal","Lalmonirhat","","",""
"98",2025,4,8,"Faridpur, Mymensingh, Barguna, Brahmanbaria, Tangail, Meherpur ",6,"",0,"Faridpur","Mymensingh","Barguna","Brahmanbaria","Tangail","Meherpur","","",""
"99",2025,4,9,"Brahmanbaria, Patuakhali, Dinajpur, Pabna, Bogura, Chattogram, Chuadanga ",7,"",0,"Brahmanbaria","Patuakhali","Dinajpur","Pabna","Bogura","Chattogram","Chuadanga","",""
"100",2025,4,10,"Cumilla, Bogura, Sylhet, Patuakhali ",4,"",0,"Cumilla","Bogura","Sylhet","Patuakhali","","","","",""
"101",2025,4,11,"Bogura, Faridpur, Jashore, Madaripur ",4,"",0,"Bogura","Faridpur","Jashore","Madaripur","","","","",""
"102",2025,4,12,"Brahmanbaria, Sylhet, Kushtia, Khulna, Jamalpur ",5,"",0,"Brahmanbaria","Sylhet","Kushtia","Khulna","Jamalpur","","","",""
"103",2025,4,13,"Jhalakathi  Bagerhat, Madaripur, Moulvibazar, Dinajpur ",4,"",0,"Jhalakathi","Bagerhat","Madaripur","Moulvibazar","Dinajpur","","","",""
"104",2025,4,14,"",1,"",0,"#VALUE!","","","","","","","",""
"105",2025,4,15,"Kushtia, Sylhet, Kishoreganj, Gazipur, Chattogram ",5,"",0,"Kushtia","Sylhet","Kishoreganj","Gazipur","Chattogram","","","",""
"106",2025,4,16,"Noakhali, Noagaon, Cox’s Bazar, Rangpur, Chattogram, Satkhira ",6,"",0,"Noakhali","Noagaon","Cox’s","Bazar","Rangpur","Chattogram","Satkhira","",""
"107",2025,4,17,"",1,"",0,"#VALUE!","","","","","","","",""
"108",2025,4,18,"",1,"",0,"#VALUE!","","","","","","","",""
"109",2025,4,19,"",1,"",0,"#VALUE!","","","","","","","",""
"110",2025,4,20,"",1,"",0,"#VALUE!","","","","","","","",""
"111",2025,4,21,"",1,"",0,"#VALUE!","","","","","","","",""
"112",2025,4,22,"",1,"",0,"#VALUE!","","","","","","","",""
"113",2025,4,23,"",1,"",0,"#VALUE!","","","","","","","",""
"114",2025,4,24,"",1,"",0,"#VALUE!","","","","","","","",""
"115",2025,4,25,"",1,"",0,"#VALUE!","","","","","","","",""
"116",2025,4,26,"",1,"",0,"#VALUE!","","","","","","","",""
"117",2025,4,27,"",1,"",0,"#VALUE!","","","","","","","",""
"118",2025,4,28,"",1,"",0,"#VALUE!","","","","","","","",""
"119",2025,4,29,"",1,"",0,"#VALUE!","","","","","","","",""
"120",2025,4,30,"",1,"",0,"#VALUE!","","","","","","","",""
"121",2025,NA,NA,"",1,"",0,"#VALUE!","","","","","","","",""
"122",2025,NA,NA,"",1,"",0,"#VALUE!","","","","","","","",""
"123",2025,NA,NA,"",1,"",0,"#VALUE!","","","","","","","",""
"124",2025,NA,NA,"",1,"",0,"#VALUE!","","","","","","","",""
"125",2025,NA,NA,"",1,"",0,"#VALUE!","","","","","","","",""
"126",2025,NA,NA,"",1,"",0,"#VALUE!","","","","","","","",""
"127",2025,NA,NA,"",1,"",0,"#VALUE!","","","","","","","",""
"128",2025,NA,NA,"",1,"",0,"#VALUE!","","","","","","","",""
"129",2025,NA,NA,"",1,"",0,"#VALUE!","","","","","","","",""
"130",2025,NA,NA,"",1,"",0,"#VALUE!","","","","","","","",""
"131",2025,NA,NA,"",1,"",0,"#VALUE!","","","","","","","",""
"132",2025,NA,NA,"",1,"",0,"#VALUE!","","","","","","","",""
"133",2025,NA,NA,"",1,"",0,"#VALUE!","","","","","","","",""
"134",2025,NA,NA,"",1,"",0,"#VALUE!","","","","","","","",""
"135",2025,NA,NA,"",1,"",0,"#VALUE!","","","","","","","",""
"136",2025,NA,NA,"",1,"",0,"#VALUE!","","","","","","","",""
"137",2025,NA,NA,"",1,"",0,"#VALUE!","","","","","","","",""
"138",2025,NA,NA,"",1,"",0,"#VALUE!","","","","","","","",""
"139",2025,NA,NA,"",1,"",0,"#VALUE!","","","","","","","",""
"140",2025,NA,NA,"",1,"",0,"#VALUE!","","","","","","","",""
"141",2025,NA,NA,"",1,"",0,"#VALUE!","","","","","","","",""
"142",2025,NA,NA,"",1,"",0,"#VALUE!","","","","","","","",""
"143",2025,NA,NA,"",1,"",0,"#VALUE!","","","","","","","",""
"144",2025,NA,NA,"",1,"",0,"#VALUE!","","","","","","","",""
"145",2025,NA,NA,"",1,"",0,"#VALUE!","","","","","","","",""
"146",2025,NA,NA,"",1,"",0,"#VALUE!","","","","","","","",""
"147",2025,NA,NA,"",1,"",0,"#VALUE!","","","","","","","",""
"148",2025,NA,NA,"",1,"",0,"#VALUE!","","","","","","","",""
"149",2025,NA,NA,"",1,"",0,"#VALUE!","","","","","","","",""
"150",2025,NA,NA,"",1,"",0,"#VALUE!","","","","","","","",""
"151",2025,NA,NA,"",1,"",0,"#VALUE!","","","","","","","",""
"152",2025,NA,NA,"",1,"",0,"#VALUE!","","","","","","","",""
"153",2025,NA,NA,"",1,"",0,"#VALUE!","","","","","","","",""
"154",2025,NA,NA,"",1,"",0,"#VALUE!","","","","","","","",""
"155",2025,NA,NA,"",1,"",0,"#VALUE!","","","","","","","",""
"156",2025,NA,NA,"",1,"",0,"#VALUE!","","","","","","","",""
"157",2025,NA,NA,"",1,"",0,"#VALUE!","","","","","","","",""
"158",2025,NA,NA,"",1,"",0,"#VALUE!","","","","","","","",""
"159",2025,NA,NA,"",1,"",0,"#VALUE!","","","","","","","",""
"160",2025,NA,NA,"",1,"",0,"#VALUE!","","","","","","","",""
"161",2025,NA,NA,"",1,"",0,"#VALUE!","","","","","","","",""
"162",2025,NA,NA,"",1,"",0,"#VALUE!","","","","","","","",""
"163",2025,NA,NA,"",1,"",0,"#VALUE!","","","","","","","",""
"164",2025,NA,NA,"",1,"",0,"#VALUE!","","","","","","","",""
"165",2025,NA,NA,"",1,"",0,"#VALUE!","","","","","","","",""
"166",2025,NA,NA,"",1,"",0,"#VALUE!","","","","","","","",""
"167",2025,NA,NA,"",1,"",0,"#VALUE!","","","","","","","",""
"168",2025,NA,NA,"",1,"",0,"#VALUE!","","","","","","","",""
"169",2025,NA,NA,"",1,"",0,"#VALUE!","","","","","","","",""
"170",2025,NA,NA,"",1,"",0,"#VALUE!","","","","","","","",""
"171",2025,NA,NA,"",1,"",0,"#VALUE!","","","","","","","",""
"172",2025,NA,NA,"",1,"",0,"#VALUE!","","","","","","","",""
"173",2025,NA,NA,"",1,"",0,"#VALUE!","","","","","","","",""
"174",2025,NA,NA,"",1,"",0,"#VALUE!","","","","","","","",""
"175",2025,NA,NA,"",1,"",0,"#VALUE!","","","","","","","",""
"176",2025,NA,NA,"",1,"",0,"#VALUE!","","","","","","","",""
"177",2025,NA,NA,"",1,"",0,"#VALUE!","","","","","","","",""
"178",2025,NA,NA,"",1,"",0,"#VALUE!","","","","","","","",""
"179",2025,NA,NA,"",1,"",0,"#VALUE!","","","","","","","",""
"180",2025,NA,NA,"",1,"",0,"#VALUE!","","","","","","","",""
"181",2025,NA,NA,"",1,"",0,"#VALUE!","","","","","","","",""
"182",2025,NA,NA,"",1,"",0,"#VALUE!","","","","","","","",""
"183",2025,NA,NA,"",1,"",0,"#VALUE!","","","","","","","",""
"184",2025,NA,NA,"",1,"",0,"#VALUE!","","","","","","","",""
"185",2025,NA,NA,"",1,"",0,"#VALUE!","","","","","","","",""
"186",2025,NA,NA,"",1,"",0,"#VALUE!","","","","","","","",""
"187",2025,NA,NA,"",1,"",0,"#VALUE!","","","","","","","",""
"188",2025,NA,NA,"",1,"",0,"#VALUE!","","","","","","","",""
"189",2025,NA,NA,"",1,"",0,"#VALUE!","","","","","","","",""
"190",2025,NA,NA,"",1,"",0,"#VALUE!","","","","","","","",""
"191",2025,NA,NA,"",1,"",0,"#VALUE!","","","","","","","",""
"192",2025,NA,NA,"",1,"",0,"#VALUE!","","","","","","","",""
"193",2025,NA,NA,"",1,"",0,"#VALUE!","","","","","","","",""
"194",2025,NA,NA,"",1,"",0,"#VALUE!","","","","","","","",""
"195",2025,NA,NA,"",1,"",0,"#VALUE!","","","","","","","",""
"196",2025,NA,NA,"",1,"",0,"#VALUE!","","","","","","","",""
"197",2025,NA,NA,"",1,"",0,"#VALUE!","","","","","","","",""
"198",2025,NA,NA,"",1,"",0,"#VALUE!","","","","","","","",""
"199",2025,NA,NA,"",1,"",0,"#VALUE!","","","","","","","",""
"200",2025,NA,NA,"",1,"",0,"#VALUE!","","","","","","","",""
"201",2025,NA,NA,"",1,"",0,"#VALUE!","","","","","","","",""
"202",2025,NA,NA,"",1,"",0,"#VALUE!","","","","","","","",""
"203",2025,NA,NA,"",1,"",0,"#VALUE!","","","","","","","",""
"204",2025,NA,NA,"",1,"",0,"#VALUE!","","","","","","","",""
"205",2025,NA,NA,"",1,"",0,"#VALUE!","","","","","","","",""
"206",2025,NA,NA,"",1,"",0,"#VALUE!","","","","","","","",""
"207",2025,NA,NA,"",1,"",0,"#VALUE!","","","","","","","",""
"208",2025,NA,NA,"",1,"",0,"#VALUE!","","","","","","","",""
"209",2025,NA,NA,"",1,"",0,"#VALUE!","","","","","","","",""
"210",2025,NA,NA,"",1,"",0,"#VALUE!","","","","","","","",""
"211",2025,NA,NA,"",1,"",0,"#VALUE!","","","","","","","",""
"212",2025,NA,NA,"",1,"",0,"#VALUE!","","","","","","","",""
"213",2025,NA,NA,"",1,"",0,"#VALUE!","","","","","","","",""
"214",2025,NA,NA,"",1,"",0,"#VALUE!","","","","","","","",""
"215",2025,NA,NA,"",1,"",0,"#VALUE!","","","","","","","",""
"216",2025,NA,NA,"",1,"",0,"#VALUE!","","","","","","","",""
"217",2025,NA,NA,"",1,"",0,"#VALUE!","","","","","","","",""
"218",2025,NA,NA,"",1,"",0,"#VALUE!","","","","","","","",""
"219",2025,NA,NA,"",1,"",0,"#VALUE!","","","","","","","",""
"220",2025,NA,NA,"",1,"",0,"#VALUE!","","","","","","","",""
"221",2025,NA,NA,"",1,"",0,"#VALUE!","","","","","","","",""
"222",2025,NA,NA,"",1,"",0,"#VALUE!","","","","","","","",""
"223",2025,NA,NA,"",1,"",0,"#VALUE!","","","","","","","",""
"224",2025,NA,NA,"",1,"",0,"#VALUE!","","","","","","","",""
"225",2025,NA,NA,"",1,"",0,"#VALUE!","","","","","","","",""
"226",2025,NA,NA,"",1,"",0,"#VALUE!","","","","","","","",""
"227",2025,NA,NA,"",1,"",0,"#VALUE!","","","","","","","",""
"228",2025,NA,NA,"",1,"",0,"#VALUE!","","","","","","","",""
"229",2025,NA,NA,"",1,"",0,"#VALUE!","","","","","","","",""
"230",2025,NA,NA,"",1,"",0,"#VALUE!","","","","","","","",""
"231",2025,NA,NA,"",1,"",0,"#VALUE!","","","","","","","",""
"232",2025,NA,NA,"",1,"",0,"#VALUE!","","","","","","","",""
"233",2025,NA,NA,"",1,"",0,"#VALUE!","","","","","","","",""
"234",2025,NA,NA,"",1,"",0,"#VALUE!","","","","","","","",""
"235",2025,NA,NA,"",1,"",0,"#VALUE!","","","","","","","",""
"236",2025,NA,NA,"",1,"",0,"#VALUE!","","","","","","","",""
"237",2025,NA,NA,"",1,"",0,"#VALUE!","","","","","","","",""
"238",2025,NA,NA,"",1,"",0,"#VALUE!","","","","","","","",""
"239",2025,NA,NA,"",1,"",0,"#VALUE!","","","","","","","",""
"240",2025,NA,NA,"",1,"",0,"#VALUE!","","","","","","","",""
"241",2025,NA,NA,"",1,"",0,"#VALUE!","","","","","","","",""
"242",2025,NA,NA,"",1,"",0,"#VALUE!","","","","","","","",""
"243",2025,NA,NA,"",1,"",0,"#VALUE!","","","","","","","",""
"244",2025,NA,NA,"",1,"",0,"#VALUE!","","","","","","","",""
"245",2025,NA,NA,"",1,"",0,"#VALUE!","","","","","","","",""
"246",2025,NA,NA,"",1,"",0,"#VALUE!","","","","","","","",""
"247",2025,NA,NA,"",1,"",0,"#VALUE!","","","","","","","",""
"248",2025,NA,NA,"",1,"",0,"#VALUE!","","","","","","","",""
"249",2025,NA,NA,"",1,"",0,"#VALUE!","","","","","","","",""
"250",2025,NA,NA,"",1,"",0,"#VALUE!","","","","","","","",""
"251",2025,NA,NA,"",1,"",0,"#VALUE!","","","","","","","",""
"252",2025,NA,NA,"",1,"",0,"#VALUE!","","","","","","","",""
"253",2025,NA,NA,"",1,"",0,"#VALUE!","","","","","","","",""
"254",2025,NA,NA,"",1,"",0,"#VALUE!","","","","","","","",""
"255",2025,NA,NA,"",1,"",0,"#VALUE!","","","","","","","",""
"256",2025,NA,NA,"",1,"",0,"#VALUE!","","","","","","","",""
"257",2025,NA,NA,"",1,"",0,"#VALUE!","","","","","","","",""
"258",2025,NA,NA,"",1,"",0,"#VALUE!","","","","","","","",""
"259",2025,NA,NA,"",1,"",0,"#VALUE!","","","","","","","",""
"260",2025,NA,NA,"",1,"",0,"#VALUE!","","","","","","","",""
"261",2025,NA,NA,"",1,"",0,"#VALUE!","","","","","","","",""
"262",2025,NA,NA,"",1,"",0,"#VALUE!","","","","","","","",""
"263",2025,NA,NA,"",1,"",0,"#VALUE!","","","","","","","",""
"264",2025,NA,NA,"",1,"",0,"#VALUE!","","","","","","","",""
"265",2025,NA,NA,"",1,"",0,"#VALUE!","","","","","","","",""
"266",2025,NA,NA,"",1,"",0,"#VALUE!","","","","","","","",""
"267",2025,NA,NA,"",1,"",0,"#VALUE!","","","","","","","",""
"268",2025,NA,NA,"",1,"",0,"#VALUE!","","","","","","","",""
"269",2025,NA,NA,"",1,"",0,"#VALUE!","","","","","","","",""
"270",2025,NA,NA,"",1,"",0,"#VALUE!","","","","","","","",""
"271",2025,NA,NA,"",1,"",0,"#VALUE!","","","","","","","",""
"272",2025,NA,NA,"",1,"",0,"#VALUE!","","","","","","","",""
"273",2025,NA,NA,"",1,"",0,"#VALUE!","","","","","","","",""
"274",2025,NA,NA,"",1,"",0,"#VALUE!","","","","","","","",""
"275",2025,NA,NA,"",1,"",0,"#VALUE!","","","","","","","",""
"276",2025,NA,NA,"",1,"",0,"#VALUE!","","","","","","","",""
"277",2025,NA,NA,"",1,"",0,"#VALUE!","","","","","","","",""
"278",2025,NA,NA,"",1,"",0,"#VALUE!","","","","","","","",""
"279",2025,NA,NA,"",1,"",0,"#VALUE!","","","","","","","",""
"280",2025,NA,NA,"",1,"",0,"#VALUE!","","","","","","","",""
"281",2025,NA,NA,"",1,"",0,"#VALUE!","","","","","","","",""
"282",2025,NA,NA,"",1,"",0,"#VALUE!","","","","","","","",""
"283",2025,NA,NA,"",1,"",0,"#VALUE!","","","","","","","",""
"284",2025,NA,NA,"",1,"",0,"#VALUE!","","","","","","","",""
"285",2025,NA,NA,"",1,"",0,"#VALUE!","","","","","","","",""
"286",2025,NA,NA,"",1,"",0,"#VALUE!","","","","","","","",""
"287",2025,NA,NA,"",1,"",0,"#VALUE!","","","","","","","",""
"288",2025,NA,NA,"",1,"",0,"#VALUE!","","","","","","","",""
"289",2025,NA,NA,"",1,"",0,"#VALUE!","","","","","","","",""
"290",2025,NA,NA,"",1,"",0,"#VALUE!","","","","","","","",""
"291",2025,NA,NA,"",1,"",0,"#VALUE!","","","","","","","",""
"292",2025,NA,NA,"",1,"",0,"#VALUE!","","","","","","","",""
"293",2025,NA,NA,"",1,"",0,"#VALUE!","","","","","","","",""
"294",2025,NA,NA,"",1,"",0,"#VALUE!","","","","","","","",""
"295",2025,NA,NA,"",1,"",0,"#VALUE!","","","","","","","",""
"296",2025,NA,NA,"",1,"",0,"#VALUE!","","","","","","","",""
"297",2025,NA,NA,"",1,"",0,"#VALUE!","","","","","","","",""
"298",2025,NA,NA,"",1,"",0,"#VALUE!","","","","","","","",""
"299",2025,NA,NA,"",1,"",0,"#VALUE!","","","","","","","",""
"300",2025,NA,NA,"",1,"",0,"#VALUE!","","","","","","","",""
"301",2025,NA,NA,"",1,"",0,"#VALUE!","","","","","","","",""
"302",2025,NA,NA,"",1,"",0,"#VALUE!","","","","","","","",""
"303",2025,NA,NA,"",1,"",0,"#VALUE!","","","","","","","",""
"304",2025,NA,NA,"",1,"",0,"#VALUE!","","","","","","","",""
"305",2025,NA,NA,"",1,"",0,"#VALUE!","","","","","","","",""
"306",2025,NA,NA,"",1,"",0,"#VALUE!","","","","","","","",""
"307",2025,NA,NA,"",1,"",0,"#VALUE!","","","","","","","",""
"308",2025,NA,NA,"",1,"",0,"#VALUE!","","","","","","","",""
"309",2025,NA,NA,"",1,"",0,"#VALUE!","","","","","","","",""
"310",2025,NA,NA,"",1,"",0,"#VALUE!","","","","","","","",""
"311",2025,NA,NA,"",1,"",0,"#VALUE!","","","","","","","",""
"312",2025,NA,NA,"",1,"",0,"#VALUE!","","","","","","","",""
"313",2025,NA,NA,"",1,"",0,"#VALUE!","","","","","","","",""
"314",2025,NA,NA,"",1,"",0,"#VALUE!","","","","","","","",""
"315",2025,NA,NA,"",1,"",0,"#VALUE!","","","","","","","",""
"316",2025,NA,NA,"",1,"",0,"#VALUE!","","","","","","","",""
"317",2025,NA,NA,"",1,"",0,"#VALUE!","","","","","","","",""
"318",2025,NA,NA,"",1,"",0,"#VALUE!","","","","","","","",""
"319",2025,NA,NA,"",1,"",0,"#VALUE!","","","","","","","",""
"320",2025,NA,NA,"",1,"",0,"#VALUE!","","","","","","","",""
"321",2025,NA,NA,"",1,"",0,"#VALUE!","","","","","","","",""
"322",2025,NA,NA,"",1,"",0,"#VALUE!","","","","","","","",""
"323",2025,NA,NA,"",1,"",0,"#VALUE!","","","","","","","",""
"324",2025,NA,NA,"",1,"",0,"#VALUE!","","","","","","","",""
"325",2025,NA,NA,"",1,"",0,"#VALUE!","","","","","","","",""
"326",2025,NA,NA,"",1,"",0,"#VALUE!","","","","","","","",""
"327",2025,NA,NA,"",1,"",0,"#VALUE!","","","","","","","",""
"328",2025,NA,NA,"",1,"",0,"#VALUE!","","","","","","","",""
"329",2025,NA,NA,"",1,"",0,"#VALUE!","","","","","","","",""
"330",2025,NA,NA,"",1,"",0,"#VALUE!","","","","","","","",""
"331",2025,NA,NA,"",1,"",0,"#VALUE!","","","","","","","",""
"332",2025,NA,NA,"",1,"",0,"#VALUE!","","","","","","","",""
"333",2025,NA,NA,"",1,"",0,"#VALUE!","","","","","","","",""
"334",2025,NA,NA,"",1,"",0,"#VALUE!","","","","","","","",""
"335",2025,NA,NA,"",1,"",0,"#VALUE!","","","","","","","",""
"336",2025,NA,NA,"",1,"",0,"#VALUE!","","","","","","","",""
"337",2025,NA,NA,"",1,"",0,"#VALUE!","","","","","","","",""
"338",2025,NA,NA,"",1,"",0,"#VALUE!","","","","","","","",""
"339",2025,NA,NA,"",1,"",0,"#VALUE!","","","","","","","",""
"340",2025,NA,NA,"",1,"",0,"#VALUE!","","","","","","","",""
"341",2025,NA,NA,"",1,"",0,"#VALUE!","","","","","","","",""
"342",2025,NA,NA,"",1,"",0,"#VALUE!","","","","","","","",""
"343",2025,NA,NA,"",1,"",0,"#VALUE!","","","","","","","",""
"344",2025,NA,NA,"",1,"",0,"#VALUE!","","","","","","","",""
"345",2025,NA,NA,"",1,"",0,"#VALUE!","","","","","","","",""
"346",2025,NA,NA,"",1,"",0,"#VALUE!","","","","","","","",""
"347",2025,NA,NA,"",1,"",0,"#VALUE!","","","","","","","",""
"348",2025,NA,NA,"",1,"",0,"#VALUE!","","","","","","","",""
"349",2025,NA,NA,"",1,"",0,"#VALUE!","","","","","","","",""
"350",2025,NA,NA,"",1,"",0,"#VALUE!","","","","","","","",""
"351",2025,NA,NA,"",1,"",0,"#VALUE!","","","","","","","",""
"352",2025,NA,NA,"",1,"",0,"#VALUE!","","","","","","","",""
"353",2025,NA,NA,"",1,"",0,"#VALUE!","","","","","","","",""
"354",2025,NA,NA,"",1,"",0,"#VALUE!","","","","","","","",""
"355",2025,NA,NA,"",1,"",0,"#VALUE!","","","","","","","",""
"356",2025,NA,NA,"",1,"",0,"#VALUE!","","","","","","","",""
"357",2025,NA,NA,"",1,"",0,"#VALUE!","","","","","","","",""
"358",2025,NA,NA,"",1,"",0,"#VALUE!","","","","","","","",""
"359",2025,NA,NA,"",1,"",0,"#VALUE!","","","","","","","",""
"360",2025,NA,NA,"",1,"",0,"#VALUE!","","","","","","","",""
"361",2025,NA,NA,"",1,"",0,"#VALUE!","","","","","","","",""
"362",2025,NA,NA,"",1,"",0,"#VALUE!","","","","","","","",""
"363",2025,NA,NA,"",1,"",0,"#VALUE!","","","","","","","",""
"364",2025,NA,NA,"",1,"",0,"#VALUE!","","","","","","","",""
"365",2025,NA,NA,"",1,"",0,"#VALUE!","","","","","","","",""
"366",NA,NA,NA,"",1,"",0,"#VALUE!","","","","","","","",""
"367",NA,NA,NA,"",1,"",0,"#VALUE!","","","","","","","",""
"368",NA,NA,NA,"",1,"",0,"#VALUE!","","","","","","","",""
"369",NA,NA,NA,"",1,"",0,"#VALUE!","","","","","","","",""
"370",NA,NA,NA,"",1,"",0,"#VALUE!","","","","","","","",""
"371",NA,NA,NA,"",1,"",0,"#VALUE!","","","","","","","",""
"372",NA,NA,NA,"",1,"",0,"#VALUE!","","","","","","","",""
"373",NA,NA,NA,"",1,"",0,"#VALUE!","","","","","","","",""
"374",NA,NA,NA,"",1,"",0,"#VALUE!","","","","","","","",""
"375",NA,NA,NA,"",1,"",0,"#VALUE!","","","","","","","",""
"376",NA,NA,NA,"",1,"",0,"#VALUE!","","","","","","","",""
"377",NA,NA,NA,"",1,"",0,"#VALUE!","","","","","","","",""
"378",NA,NA,NA,"",1,"",0,"#VALUE!","","","","","","","",""
"379",NA,NA,NA,"",1,"",0,"#VALUE!","","","","","","","",""
"380",NA,NA,NA,"",NA,"",0,"#VALUE!","","","","","","","",""
"381",NA,NA,NA,"",NA,"",0,"#VALUE!","","","","","","","",""
"382",NA,NA,NA,"",NA,"",0,"#VALUE!","","","","","","","",""
"383",NA,NA,NA,"",NA,"",0,"#VALUE!","","","","","","","",""
"384",NA,NA,NA,"",NA,"",0,"#VALUE!","","","","","","","",""
"385",NA,NA,NA,"",NA,"",0,"#VALUE!","","","","","","","",""
"386",NA,NA,NA,"",NA,"",0,"#VALUE!","","","","","","","",""
"387",NA,NA,NA,"",NA,"",0,"#VALUE!","","","","","","","",""
"388",NA,NA,NA,"",NA,"",0,"#VALUE!","","","","","","","",""
"389",NA,NA,NA,"",NA,"",NA,"#VALUE!","","","","","","","",""
"390",NA,NA,NA,"",NA,"",NA,"#VALUE!","","","","","","","",""
"391",NA,NA,NA,"",NA,"",NA,"#VALUE!","","","","","","","",""
"392",NA,NA,NA,"",NA,"",NA,"#VALUE!","","","","","","","",""
"393",NA,NA,NA,"",NA,"",NA,"#VALUE!","","","","","","","",""
"394",NA,NA,NA,"",NA,"",NA,"#VALUE!","","","","","","","",""
"395",NA,NA,NA,"",NA,"",NA,"#VALUE!","","","","","","","",""
"396",NA,NA,NA,"",NA,"",NA,"#VALUE!","","","","","","","",""
"397",NA,NA,NA,"",NA,"",NA,"#VALUE!","","","","","","","",""
"398",NA,NA,NA,"",NA,"",NA,"#VALUE!","","","","","","","",""
"399",NA,NA,NA,"",NA,"",NA,"#VALUE!","","","","","","","",""
"400",NA,NA,NA,"",NA,"",NA,"#VALUE!","","","","","","","",""
"401",NA,NA,NA,"",NA,"",NA,"#VALUE!","","","","","","","",""
"402",NA,NA,NA,"",NA,"",NA,"#VALUE!","","","","","","","",""
"403",NA,NA,NA,"",NA,"",NA,"#VALUE!","","","","","","","",""
"404",NA,NA,NA,"",NA,"",NA,"#VALUE!","","","","","","","",""
"405",NA,NA,NA,"",NA,"",NA,"#VALUE!","","","","","","","",""
"406",NA,NA,NA,"",NA,"",NA,"#VALUE!","","","","","","","",""
"407",NA,NA,NA,"",NA,"",NA,"#VALUE!","","","","","","","",""
"408",NA,NA,NA,"",NA,"",NA,"#VALUE!","","","","","","","",""
"409",NA,NA,NA,"",NA,"",NA,"#VALUE!","","","","","","","",""
"410",NA,NA,NA,"",NA,"",NA,"#VALUE!","","","","","","","",""
"411",NA,NA,NA,"",NA,"",NA,"#VALUE!","","","","","","","",""
"412",NA,NA,NA,"",NA,"",NA,"#VALUE!","","","","","","","",""
"413",NA,NA,NA,"",NA,"",NA,"#VALUE!","","","","","","","",""
"414",NA,NA,NA,"",NA,"",NA,"#VALUE!","","","","","","","",""
"415",NA,NA,NA,"",NA,"",NA,"#VALUE!","","","","","","","",""
"416",NA,NA,NA,"",NA,"",NA,"#VALUE!","","","","","","","",""
"417",NA,NA,NA,"",NA,"",NA,"#VALUE!","","","","","","","",""
"418",NA,NA,NA,"",NA,"",NA,"#VALUE!","","","","","","","",""
"419",NA,NA,NA,"",NA,"",NA,"#VALUE!","","","","","","","",""
"420",NA,NA,NA,"",NA,"",NA,"#VALUE!","","","","","","","",""
"421",NA,NA,NA,"",NA,"",NA,"#VALUE!","","","","","","","",""
"422",NA,NA,NA,"",NA,"",NA,"#VALUE!","","","","","","","",""
"423",NA,NA,NA,"",NA,"",NA,"#VALUE!","","","","","","","",""
"424",NA,NA,NA,"",NA,"",NA,"#VALUE!","","","","","","","",""
"425",NA,NA,NA,"",NA,"",NA,"#VALUE!","","","","","","","",""
"426",NA,NA,NA,"",NA,"",NA,"#VALUE!","","","","","","","",""
"427",NA,NA,NA,"",NA,"",NA,"#VALUE!","","","","","","","",""
"428",NA,NA,NA,"",NA,"",NA,"#VALUE!","","","","","","","",""
"429",NA,NA,NA,"",NA,"",NA,"#VALUE!","","","","","","","",""
"430",NA,NA,NA,"",NA,"",NA,"#VALUE!","","","","","","","",""
"431",NA,NA,NA,"",NA,"",NA,"#VALUE!","","","","","","","",""
"432",NA,NA,NA,"",NA,"",NA,"#VALUE!","","","","","","","",""
"433",NA,NA,NA,"",NA,"",NA,"#VALUE!","","","","","","","",""
"434",NA,NA,NA,"",NA,"",NA,"#VALUE!","","","","","","","",""
"435",NA,NA,NA,"",NA,"",NA,"#VALUE!","","","","","","","",""
"436",NA,NA,NA,"",NA,"",NA,"#VALUE!","","","","","","","",""
"437",NA,NA,NA,"",NA,"",NA,"#VALUE!","","","","","","","",""
"438",NA,NA,NA,"",NA,"",NA,"#VALUE!","","","","","","","",""
"439",NA,NA,NA,"",NA,"",NA,"#VALUE!","","","","","","","",""
"440",NA,NA,NA,"",NA,"",NA,"#VALUE!","","","","","","","",""
"441",NA,NA,NA,"",NA,"",NA,"#VALUE!","","","","","","","",""
"442",NA,NA,NA,"",NA,"",NA,"#VALUE!","","","","","","","",""
"443",NA,NA,NA,"",NA,"",NA,"#VALUE!","","","","","","","",""
"444",NA,NA,NA,"",NA,"",NA,"#VALUE!","","","","","","","",""
"445",NA,NA,NA,"",NA,"",NA,"#VALUE!","","","","","","","",""
"446",NA,NA,NA,"",NA,"",NA,"#VALUE!","","","","","","","",""
"447",NA,NA,NA,"",NA,"",NA,"#VALUE!","","","","","","","",""
"448",NA,NA,NA,"",NA,"",NA,"#VALUE!","","","","","","","",""
"449",NA,NA,NA,"",NA,"",NA,"#VALUE!","","","","","","","",""
"450",NA,NA,NA,"",NA,"",NA,"#VALUE!","","","","","","","",""
"451",NA,NA,NA,"",NA,"",NA,"#VALUE!","","","","","","","",""
"452",NA,NA,NA,"",NA,"",NA,"#VALUE!","","","","","","","",""
"453",NA,NA,NA,"",NA,"",NA,"#VALUE!","","","","","","","",""
"454",NA,NA,NA,"",NA,"",NA,"#VALUE!","","","","","","","",""
"455",NA,NA,NA,"",NA,"",NA,"#VALUE!","","","","","","","",""
"456",NA,NA,NA,"",NA,"",NA,"#VALUE!","","","","","","","",""
"457",NA,NA,NA,"",NA,"",NA,"#VALUE!","","","","","","","",""
"458",NA,NA,NA,"",NA,"",NA,"#VALUE!","","","","","","","",""
"459",NA,NA,NA,"",NA,"",NA,"#VALUE!","","","","","","","",""
