Narayanganj, Faridpur, Naogaon, Pabna, Satkhira, Mymensingh, Dinajpur, Rajshahi
Chuadanga,Khagrachhari ,Cox’s Bazar,Barishal,Chattogram,Munshiganj
Munshiganj, Narayanganj, Bogura, Gaibandha, Sunamganj, Chattogram 
Dhaka, Patuakhali, Noakhali 
Gazipur, Sylhet, Natore 
Natore, Munshiganj, Mymensingh, Sunamganj 
Gazipur, Munshiganj, Noakhali, Dhaka 
Meherpur, Gaibandha 
Chattogram, Cox’s Bazar, 
Gopalganj, Madaripur, Chattogram 
Habiganj, Lakshmipur, Natore, Kushtia, Munshiganj 
Faridpur, Natore, Netrokona, Rajbari, Chandpur 
Narayanganj, Bogura, Khagrachhari, Lakshmipur 
Khulna, Manikganj, Bogura 
NA
Bagerhat, Jhenaidah, Moulvibazar, Jhalakathi, Bogura, Lakshmipur 
Chattogram, Gopalganj, Tangail, 
NA
Gazipur, Narayanganj, Narsingdi, Khulna, Faridpur Jhalakathi 
Lakshmipur, Jashore, Mymensingh, Brahmanbaria, Cumilla, Munshiganj 
Natore, Kurigram, Mymensingh, Bogura 
Netrokona, Sunamganj, Sylhet, Rangpur, Barishal, Khulna 
Sylhet, Jashore, Mymensingh 
Rajbari, Nilphamari, Natore, Jashore 
Narayanganj, Sylhet, Jashore, Nilphamari 
Satkhira, Noagaon 
Noakhali, Satkhira, Kishoreganj, Chattogram, Rangpur 
Mymensingh, Bogura 
Rangpur, Dinajpur, Nilphamari, Satkhira, Barishal 
Jamalpur, Noakhali, Munshiganj 
Mymensingh, Rangpur, Kushtia 
Sirajganj, Khulna, Chattogram, Lalmonirhat, Noagaon, Bagerhat, Rangpur 
Sylhet, Brahmanbaria, Bandarban, Feni, Meherpur 
Bogura, Narayanganj, Madaripur, Chattogram, Rangamati, Barishal, Rajshahi 
Kishoreganj, Noakhali 
Gazipur, Narayanganj, Pirojpur, Mymensingh, Munshiganj 
Jamalpur, Jhalakathi, Bogura 
Narayanganj, Sylhet, Satkhira, Tangail 
Sunamganj, Chattogram 
Chuadanga, Nilphamari, Cox’s Bazar, Kushtia, Kishoreganj 
NA
Noakhali, Barguna, Khulna, Pabna, Brahmanbaria, Natore 
Bogura, Chuadanga, Rangpur, Cumilla, Dhaka, Pabna, Chattogram, Rajbari 
Munshiganj, Mymensingh 
NA
Cox’s Bazar,  Mymensingh, Noagaon, Munshiganj, Kishoreganj 
Gazipur, Kushtia, Gaibandha, Madaripur, Sylhet, Dhaka, Rajbari, Narayanganj, Mymensingh 
Feni, Dhaka, Kushtia, Munshiganj, Natore 
Kishoreganj, Jashore, Cox’s Bazar, Feni, Cumilla 
Narsingdi, Tangail, Narayanganj, Gopalganj, Chattogram, Dinajpur, Brahmanbaria 
Kushtia, Barishal, Habiganj, Satkhira 
Dinajpur, Manikganj, Patuakhali 
Bogura, Cox’s Bazar, Jamalpur, Narsingdi, Gopalganj, Mymensingh 
Sylhet, Kushtia, Sherpur, Mymensingh, Cox’s Bazar, Dinajpur 
NA
Jhenaidah, Tangail, Jamalpur, Rajbari, Kushtia 
Bandarban, Gaibandha 
Chattogram, Narayanganj, Tangail, Bogura 
Lalmonirhat, Munshiganj 
Tangail, Chattogram 
Munshiganj, Dinajpur, Chattogram 
Rajshahi, Moulvibazar, Chattogram, Bogura, Chuadanga, Munshiganj, Lakshmipur 
Natore, Tangail, Satkhira, Manikganj 
Moulvibazar, Barishal, Rajbari 
Jhenaidah, Bogura 
Kishoreganj, Joypurhat 
Rajshahi, Jamalpur, Chattogram, Madaripur, Patuakhali, Rajbari 
Bogura, Mymensingh, Cox’s Bazar, Kurigram 
Mymensingh, Tangail, Noagaon, Brahmanbaria 
Noagaon 
Noagaon, Narayanganj, Barishal, Natore, Bogura 
Chattogram, Mymensingh 
Pabna, Cox’s Bazar, Faridpur 
Gazipur, Cumilla, Tangail 
Faridpur, Barguna, Barishal 
Bogura, Cox’s Bazar 
NA
Jashore, Bhola, Kurigram,  Joypurhat, Thakurgaon 
Pabna, Chattogram, Cumilla 
Rajbari, Bogura, Cumilla, Noakhali, Bhola, Barishal
Kushtia, Satkhira, Kurigram, Rangpur 
Dinajpur, Gazipur, Tangail, Bogura, Mymensingh 
NA
Mymensingh, Jamalpur, Madaripur, Chattogram 
NA
Natore, Kushtia, Kishoreganj, Chattogram, Chuadanga, Jhenaidah 
Kushtia, Munshiganj, Bogura, Panchagarh, Dinajpur, Rajbari, Jhenaidah 
Lakshmipur, Barguna, Chattogram, Bogura, Gaibandha 
NA
NA
Jashore, Kushtia, Barishal, Barguna 
Jhalakathi, Rajbari, Dhaka 
Bogura, Chattogram, Gazipur, Brahmanbaria, Moulvibazar 
Tangail, Chattogram, Mymensingh 
Pabna, Shariatpur, Patuakhali, Meherpur, Chuadanga, Mymensingh, Dhaka, Magura 
Sirajganj, Brahmanbaria 
Rajshahi, Cox’s Bazar, Rajbari, Barishal, Lalmonirhat 
Faridpur, Mymensingh, Barguna, Brahmanbaria, Tangail, Meherpur 
Brahmanbaria, Patuakhali, Dinajpur, Pabna, Bogura, Chattogram, Chuadanga 
Cumilla, Bogura, Sylhet, Patuakhali 
Bogura, Faridpur, Jashore, Madaripur 
Brahmanbaria, Sylhet, Kushtia, Khulna, Jamalpur 
Jhalakathi  Bagerhat, Madaripur, Moulvibazar, Dinajpur 

Kushtia, Sylhet, Kishoreganj, Gazipur, Chattogram 
Noakhali, Noagaon, Cox’s Bazar, Rangpur, Chattogram, Satkhira 

































































































































































































































































































































































